well,rows,rmse,mean_abs_error,bias,alpha
5f4d2a52,5225,59.49182238446869,49.52150954717826,-49.51107544628176,1.0
2fd68f7b,4730,58.8138195551637,54.58239487996839,-54.58239487996839,1.0
ba48188d,4166,52.959601323698735,41.62375549253356,41.62375549253356,1.0
fef8af96,3826,48.17731660201433,40.381823196122724,40.32521649278157,1.0
43e16325,3720,44.28960476128953,36.611200304433936,-36.611200304433936,1.0
c8d9680c,6281,42.81860083377379,39.651699950138074,-38.32215128208384,1.0
57f05c51,4771,40.471197981742996,35.718210543315635,-35.718210543315635,1.0
94d813a4,4847,39.89055006197875,33.061098311391284,33.061098311391284,1.0
fb03ae90,6431,38.4011698603047,37.107972543545884,37.107972543545884,1.0
708caea9,6548,38.14742118622788,35.76379173755222,-35.53026631364972,1.0
445af6c2,6041,36.555802721225376,32.73964774419044,32.53568634389406,1.0
206b6193,6535,35.79708369041985,31.775091747608542,31.775091747608542,1.0
91b301ce,6570,35.44789282080843,22.790202887387675,14.161940238944661,1.0
4f3eb9e9,4697,34.63572453145632,26.38243171971592,-24.157505949318185,1.0
a959858c,4404,34.61564570986145,31.628184869712236,-31.628184869712236,1.0
ff0aea78,3261,32.697694712425466,30.75530700756134,-30.75530700756134,1.0
9d5e14d4,5400,32.00548564317395,29.810867096607435,29.810867096607435,1.0
8f201368,6349,31.88265700850901,30.32747118235282,-30.095473308055116,1.0
cf50c9d1,4858,30.62304196790373,29.21232591049475,29.21232591049475,1.0
521a7819,5200,30.230712743188306,27.96908385817407,27.889379354894974,1.0
da3bfe4e,5549,30.20824343453741,27.08718507839287,27.087159848621738,0.0
ab112491,5185,29.983248540220572,26.309152540340747,-26.264968788538546,1.0
86454a6f,7964,29.617770637772463,26.0069412347182,-26.003807131224775,0.0
896d15b9,4279,29.174091616826004,24.341857438007068,-22.942583778651294,1.0
fbd68d27,6829,28.77799286145607,26.254983194770396,26.19027173962666,1.0
35b30c7f,9579,28.66720099146687,26.729042805116222,26.729042805116222,1.0
fd8f77fa,5272,27.23358893606676,25.244103952342854,-25.244103952342854,1.0
95c8427f,6335,27.215687207592826,25.656356748224162,25.656356748224162,0.0
42c538a1,3279,26.874342936561284,23.847543651554997,-23.032819962228995,1.0
8bfa881d,4089,26.495123002323776,21.02808258096024,-20.320765101685762,1.0
ee288beb,4638,26.4130541357214,23.192252830157244,-18.554706006334705,1.0
f6d009f4,6715,25.365240463720667,22.282737311293836,-11.445463324993728,1.0
d7eb0be8,5401,25.043601577723468,21.660385625179003,-4.255811191567398,0.75
55efee7f,4801,24.96485040200042,21.339673797187903,16.868582115681658,1.0
c1708b88,6315,24.802625466457698,21.463488887106564,21.162361665963275,1.0
b37fd114,8161,24.63635155979315,21.966608733925657,-20.788612480406897,1.0
3f603129,5051,24.617518347683536,20.28888269702744,8.080951498210068,0.75
197f8a5a,6310,24.33935021920087,21.460232368224805,-19.719196257554007,1.0
37d36812,4367,23.76366668403234,21.57102288602492,-21.527529012331396,1.0
230eaaa3,4690,23.687315327915407,19.70507478740655,-10.55576592945915,1.0
ab18d3fc,5694,23.41429819561493,20.08871653600166,18.409245190904166,1.0
493b5b31,4671,23.365710453912964,20.865156305619973,-16.936264384175548,1.0
261785ee,3646,22.54795690510371,20.12130419169524,20.097770609894013,1.0
884ecb5f,6724,22.34683998951168,20.374090068683373,-20.167604062069632,1.0
1b1eba53,4655,21.9862875814792,20.439218047603983,-19.371205158965314,0.0
ae8959c3,4518,21.94852935346784,19.826027333991377,-19.780389790522882,1.0
46d24a09,4449,21.88935365787865,19.38826174930067,-19.330399533256397,1.0
c66be2b8,4154,21.847003445752875,16.26806085357129,14.56372212993754,1.0
f88ddb26,4990,21.80274226581851,18.459051203782785,9.235887917746181,0.25
b977be4a,5917,21.765148768770544,20.293044539917396,3.884862969534975,1.0
a08d9e63,3685,21.453823222903736,18.47281751088914,-18.47281751088914,1.0
f6824bb0,5015,21.343201739058706,18.817416005745745,18.377967968259604,1.0
6d6d93af,3595,21.25184294821609,18.21797101782085,2.037903542904853,0.5
1550491d,4563,21.167156242041475,19.816561472715875,19.81009642778932,0.0
8995c945,6724,20.888857648873337,17.937241783250983,-17.417766454718,1.0
460f859e,3336,20.87923140199737,17.8350453497363,2.545257367804659,1.0
d0cb63ae,5223,20.84048614451171,17.568953836199448,17.169839745951503,1.0
cbe62450,6258,20.827131198431047,18.05570940703927,-17.664280087261666,1.0
fa16d114,5686,20.815118518803075,17.92015476609229,16.341470277875704,0.0
4a335117,5015,20.802695288090217,18.26829224339835,-17.30640233344892,1.0
11d0f5ac,4883,20.756817015404394,17.901578857923322,-17.442830547918515,1.0
466fc788,6197,20.62575983358516,17.481047566083518,-15.602661349850937,1.0
ac6f01d5,5004,20.561377448967615,18.300834427645807,16.644464287546676,1.0
1b1c5372,4261,20.488525798030043,15.777453035709426,12.6788783671177,1.0
93f5d2e6,3691,20.10571368100563,13.079479815767476,13.045310214033405,0.0
bf70b410,6347,20.058874316228486,14.393068141338382,14.375336491807921,1.0
c59b6c4a,5499,19.88748386664085,17.4899454226557,17.4899454226557,1.0
e5864244,4469,19.804129857831242,16.084070795578487,12.701912392192897,0.75
95b559e7,2887,19.77294563203413,18.73711786375144,-18.73711786375144,1.0
14fee784,4910,19.629811023270374,15.533952641933555,1.4959778765543392,0.5
84c3b497,5312,19.37029925549715,13.693947244403054,-7.652382328500718,1.0
5a1a8fd8,5260,19.303647622472898,17.873397600237354,17.567382245648503,1.0
4c2208f5,5384,19.17839266846056,15.80653558613156,-13.498582617130284,0.75
5cdd8dbc,4010,19.108881570935267,14.504322985853578,-11.470202438871516,1.0
30d75030,3404,19.075494327365885,14.623163947234188,12.505874410384191,1.0
e45a2a62,5007,19.063202832525892,15.709102053502255,-12.425794343623133,1.0
543198e8,6503,18.980853642703078,14.85182665411769,-5.503418380880068,1.0
ad2133a8,5729,18.885893208299663,15.218702817392389,2.673883243930122,0.75
9896fc0b,3595,18.800901797872683,12.590471663811769,10.846754252004338,1.0
939d9c34,5101,18.711967427526602,14.100868008799614,11.20120487765591,1.0
577eec7c,4539,18.691854287692625,15.434076929010066,-14.71517734112412,1.0
f5859199,5790,18.61653476508021,17.244780743412132,-17.159826795366197,1.0
05a0ee4d,4348,18.58037185858178,13.433625273763118,13.413960027340538,1.0
bcebcc5f,6258,18.543489278622207,16.855694128908034,-16.855694128908034,1.0
9d4272e3,4030,18.51124037979042,17.066769376046228,-17.06125915498111,1.0
2ac7cb6b,4990,18.489821358171938,14.326822870930048,9.2544360529551,1.0
4f69febf,5460,18.398302439956765,16.883953359218957,-16.862479820078946,1.0
5fb1c15f,2860,18.291082508578185,16.976688811187472,-16.93754895104749,0.0
5beded95,3057,18.195146575494537,16.845932219158044,16.812035062835907,1.0
57796579,5890,18.180337860839995,15.255049498092378,-14.6245300053465,1.0
ecdab904,6147,18.158203683772435,16.68693019676652,-16.656744706997433,1.0
ecdaf714,6592,18.126343461543907,15.234193829523775,-14.10514974446416,1.0
27c3155b,4958,18.11085336032788,17.216587333602497,17.077014925373415,0.0
3a0af893,2927,18.01110650032113,15.04594871777077,-14.95950986341833,1.0
ef8e3ed0,5224,17.98359412290126,16.37926861115707,15.82260646621637,1.0
89f1085d,5994,17.914782376589642,14.592241669874056,12.68394265244177,0.75
cc8a1d57,6638,17.892857523842654,16.61525845745977,8.635180388968118,0.5
b4d8dd4f,4259,17.644297039262923,13.866998313861307,-1.0603039621297683,1.0
df71d1ff,6228,17.497653216527706,14.133591237841822,11.683279698713086,1.0
99529c45,5840,17.39449226262179,13.561317296354382,-1.935916643984118,0.75
27300fd5,5467,17.389589831741016,16.319493323577912,-16.31156575818556,0.0
276b012a,4837,17.258756444965375,13.012835015293206,-10.343352540960211,0.75
d2f3b1ab,5581,17.230732568184308,15.469398801174906,-5.555394419456209,1.0
75d20a82,5067,17.230705080539593,14.699966449575768,6.200945332544217,0.0
96ae5806,9839,17.23050267183825,14.933667980101449,14.673425964352626,1.0
8ac2f237,5319,17.08907189336348,12.5060756065202,12.2552595103682,1.0
b881d27e,4009,16.892125499393245,16.227706257656543,-16.227706257656543,1.0
9af1ffd0,3525,16.7775667357636,11.359239499857653,11.174611987017224,1.0
15e154a1,6068,16.77636493681392,14.894921925201581,-14.892989729712168,1.0
46a301e9,8226,16.767976667130174,15.72823912944616,15.72823912944616,1.0
44a94013,4903,16.760281759318264,14.050316411887167,-4.839056861911129,0.75
3417285d,5449,16.58540634298825,14.162189392718536,-5.459095246239237,0.0
0dc5e64d,4879,16.531448395679888,12.464476781930582,-6.693444456159333,1.0
d41beaf2,4753,16.514977198140855,14.506305486543566,14.377186481384022,1.0
e201fd6d,5070,16.371250707380042,13.068065088757724,9.358234714005336,0.0
d5df0ff5,4032,16.351335751344372,15.35087797619106,15.35087797619106,0.0
5663b2b7,4972,16.28409405856329,13.36353177795676,7.03055108608278,0.0
b0d42b0d,4971,16.224116764388267,14.709037841422722,-13.916437696182065,1.0
5b7b6324,6564,16.021381050218935,12.557599846303683,-10.192522853913916,1.0
6a0ff78e,6465,16.0156402300313,13.60369034333975,6.817963769662214,1.0
2e63d9de,4699,15.915529726758239,13.551937154775361,6.276073510322876,1.0
a7fc3e6b,4764,15.849637955727156,12.832062979425169,-12.47589284613293,1.0
0bbf5e67,4298,15.846874951769037,14.720753568809585,14.718376924272778,1.0
155887bb,5585,15.790870795285686,13.960044764224882,-12.083512450385294,1.0
09441b8d,5488,15.785095525200175,12.529152343066796,12.529152343066796,1.0
389ae58f,6463,15.758707943099138,12.737068914997788,-3.518781392333608,0.75
a0b83014,5035,15.740593333381709,14.320553427695135,-14.311920370374283,1.0
df73b8f3,5311,15.617554195793542,10.485900960270909,9.23753718696993,0.0
54753541,4026,15.533014056999082,11.591675161777573,1.3627121472841361,1.0
bd4ae5da,5006,15.519917579216049,14.475943800698047,14.475943800698047,1.0
2043abc5,6958,15.4858709350327,13.059774327996935,-12.365720525027058,1.0
ec0d597b,4616,15.480664625344975,10.631361755191572,-9.791266638320161,1.0
38991fd4,4798,15.331669127958294,13.55025674219948,13.55025674219948,1.0
aaaf3c03,2997,15.305212817506648,13.485476178839129,1.4468781188350808,1.0
684a6fc1,9818,15.243796792665835,13.431586801843343,-11.086416158053447,1.0
9426ec1e,2532,15.203103904699853,13.404350315871485,13.399779680660998,1.0
d90aa14c,10018,15.128847992042214,13.358817187844432,-9.649269583472327,1.0
b3388334,6080,15.115613379622621,13.297488166348089,7.8127014268548205,1.0
a3f71395,5543,15.089395383508826,13.610257983041308,9.93482229839372,0.0
8b12bab6,5234,15.074419112570153,11.63564703632925,-10.059164516134175,1.0
f140c2fa,4082,15.024961552098535,13.435119174843546,13.435119174843546,1.0
e03b45fd,5342,14.978709262777178,11.734263012057918,1.4605515129577338,1.0
7bb17b96,3922,14.91697858593634,12.734046496383693,-12.734046496383693,1.0
58850d2c,4995,14.887955622671049,14.052264264264263,14.052252252252249,0.0
25050f63,6124,14.876594188174822,13.173848404613741,-11.72492737238304,1.0
14ab73fb,3649,14.81915286795364,13.023165250754353,13.023165250754353,0.0
656a067b,3051,14.81220187219885,13.344635916012763,-4.811237980657372,1.0
77e4821c,5393,14.804457775940927,12.224325096102437,-11.867832497794826,1.0
85380836,6618,14.794522168221306,13.228505480614885,-11.591815418253319,1.0
9a95e33f,6447,14.781629617056012,12.618986142020065,5.64710133751842,0.25
4b831d20,7312,14.732921362968435,12.331001832297057,12.305081512171201,1.0
3aaa2b30,4711,14.708551605793383,13.190214357300333,-12.503504654796286,1.0
ce55ba43,4104,14.685848572425101,12.62109744750341,-12.382262131215288,1.0
df8290be,3972,14.65406887614349,12.444280187204008,-7.674825834745046,1.0
82aab6d2,6140,14.643654264953428,12.603120003372153,12.360266568183894,1.0
67a8da4a,4911,14.606671997959808,12.640661467193713,-12.167998854009669,1.0
f49fdea3,5391,14.495550745294349,13.543817082417684,-13.50296523269004,1.0
a87433c9,5721,14.481573849839304,13.26392534059423,13.26392534059423,1.0
633774dc,6233,14.428603626787732,12.789041692603991,-9.85861886378165,1.0
8612b37f,5165,14.40898343230716,11.406816998003256,8.663028701257817,0.75
9df1b1f9,4701,14.399969312009008,13.762292974069478,-13.414797509413617,1.0
9c350a6a,6052,14.392809954810666,11.779295772876925,-9.8406672118912,1.0
a0383629,5832,14.256119265609273,13.225766699562488,13.21375645756916,1.0
7ff89f8f,7337,14.155555516103233,11.48404525010244,-8.27030939075982,0.0
8d5d46d7,5755,14.149709034131945,12.90107686691648,-12.730714499656893,1.0
febb4411,4247,14.099078969197432,12.298265953454777,11.370418915041533,1.0
47222616,4406,13.969142290137713,11.290870382667089,-9.762613929084841,1.0
16e4a047,4131,13.96829530130676,13.569229787893242,13.569229787893242,1.0
2bff06cf,7624,13.942296994107163,10.69644706875445,4.694787551804926,0.75
8b5be31b,5672,13.929321131634074,11.833009229329631,9.503590345350895,1.0
c3957531,5316,13.898317788699567,10.902556789165043,-3.9356030559310575,1.0
a5aa7973,4616,13.884387600814197,11.910772405574415,8.990988501942677,1.0
bc4381e2,4955,13.869935536586558,12.929469672796012,-12.907694613259675,1.0
77b0d905,4174,13.809265882984608,13.334783671834849,-13.330597343443111,1.0
8bda1a11,5981,13.782798106952923,11.031151726984852,8.968549365786957,1.0
974802e7,5843,13.739336318402595,12.185710603041464,3.505912782782202,1.0
add9c322,3932,13.693357794429764,12.896137248957569,12.896137248957569,1.0
3932faa6,5452,13.5384979773621,10.236181419614862,1.6642177612909261,1.0
1beca81d,5036,13.514166888051758,9.945696559041714,9.572945313777812,1.0
9da441ba,5783,13.490451926378189,11.6646045623698,-11.553204015521178,1.0
368fe682,4936,13.486822512429683,11.689858361424813,-10.514581500565528,1.0
b5aa9634,7326,13.484511856174045,10.401006156538925,10.375586892340364,1.0
e3b34f5b,5455,13.414892069635018,11.356044946947954,8.376133184023631,1.0
67847288,7429,13.368028792573009,12.19243250802055,12.19243250802055,1.0
ae069086,4770,13.341502078156344,9.750073959143391,6.721307031313826,1.0
7acda2df,3091,13.327272772512801,11.24226205476518,-7.528170481255111,1.0
7d57c75d,4405,13.270541585086823,9.229186683247502,-8.949192905923343,1.0
a692b17e,3566,13.256017451722085,10.793458251659176,-8.678143194231637,1.0
4c3df468,5392,13.218484026895228,11.69288802827517,-2.753632707689409,0.5
d84b621b,3994,13.20832605271833,11.465513079503454,-1.1472990690940426,0.75
a6f967fb,4670,13.192039334236458,12.048575833585,12.045203881165495,1.0
9dede370,6297,13.17054400692623,9.979536611161315,9.018224259390605,0.75
e0f36d98,4976,13.147333615541015,10.884412544397009,-9.65387593869444,1.0
7c607683,5328,13.137686850761737,12.427436714110902,11.384731848748084,1.0
20402d71,6372,13.116153718216006,12.103589655980429,12.103589655980429,1.0
d011f41b,2267,13.06272170391081,10.567786878494504,10.319475362898203,1.0
2d196986,6474,13.046705300239859,10.886193203416417,10.58233423527152,1.0
660d9546,4732,13.041120899850338,10.185615905520123,10.185615905520123,1.0
3a7dd95d,3072,13.010388611275376,10.554567057291571,9.463955078124876,0.0
73b1447d,5670,13.009290226975246,10.86553920736499,-4.235163438088771,1.0
a612d5a0,5329,13.00153262665837,9.781335111516228,3.9290826915895605,0.75
26623a50,5735,12.912782310477258,10.718701689021275,5.783601276966287,0.5
e2fc7745,3692,12.912727451718293,9.5802064472211,-9.234966785841538,1.0
fc03f21f,4803,12.88649243566524,10.527736846093399,10.527736846093399,1.0
5d7198fd,3368,12.870328994714274,10.116608617573974,5.115712805611557,1.0
504c8b08,6367,12.851016519639648,10.705380645658446,-4.980142859765402,0.75
8478df29,4857,12.836706817331452,12.173499429096482,12.11518945973731,1.0
28f4eda9,5266,12.801483719211697,9.828913815829093,-9.578655735242206,1.0
4fbe9c06,6287,12.700621635010842,10.129518053125672,8.825023063464641,0.0
b04b58a3,3402,12.67821039303058,10.691351535889863,-3.7530331322239157,1.0
2d35f86d,4896,12.668556974607771,12.156379369527835,-0.34591744367747024,1.0
7a5660b0,4998,12.647398454963454,11.856064779709872,11.856064779709872,1.0
5305524b,4898,12.639114381732083,11.359602226300073,11.305933941495264,1.0
79507629,5302,12.57032003546627,10.769713315730124,10.769660505469846,0.0
f321a31c,5141,12.557281531880928,10.301707838941793,6.308325228554559,0.0
a4f989c2,5385,12.506377450860345,11.442972402439517,11.102188892310362,1.0
833af382,3628,12.486555864231745,10.116414313590605,8.883281119683755,1.0
8255c867,3589,12.47352451686637,9.8746975690963,-9.329740330523627,0.75
00bbac68,6014,12.45560054605157,10.959659875800531,-4.695969872107699,0.75
5567d551,6889,12.452044043572286,9.241755295548264,0.6400872995752135,0.75
70925e23,5947,12.408259650779723,10.73986704833711,-3.0083586964686067,0.75
c42fe306,5095,12.401385165368708,8.772506342052802,-6.265268074059056,1.0
fae0c593,4403,12.390689968411012,11.568357077536772,-0.9382738946982296,1.0
201661b5,5955,12.376074593108253,10.650921914358007,-6.596379513014775,0.0
3a86fe8d,5118,12.373998410303061,11.353966814285362,11.353966814285362,1.0
14a53cb3,6919,12.332865547715842,10.979946114491424,-10.803585552916074,1.0
efe96181,4012,12.2924419819297,10.385222210203551,1.2026828393562377,0.75
edf885a3,3117,12.288723348140039,9.82893166506286,-8.85183188963819,0.0
a7744f5b,4377,12.098600109849237,8.810628143499569,-8.802883328733552,1.0
a622ce4d,6298,12.084604333372813,9.210047293491154,-9.060464863893147,1.0
a4cdbb0f,5204,12.022995259041442,9.39213412913965,-1.1550164072771774,1.0
2acc78d4,4266,12.018445617531222,8.602551929828826,-8.031732588606413,1.0
65a5466a,4683,11.989477481529898,9.875697956765544,-4.08160324776626,1.0
3e011332,2723,11.97552239203785,9.986479397086887,0.7288007940696336,0.25
e9949a23,4559,11.95225310862512,9.732164967920232,4.593531371283494,1.0
f08774c3,3900,11.948978904092847,10.772793260266392,-0.22391171510016508,1.0
4cd1ac61,4489,11.939448256865077,11.720008926013882,-11.697860029583959,1.0
fc0d20b2,3954,11.932087953866953,7.689668689935407,7.639097116845072,0.0
9d3ec64c,3480,11.907268163293118,10.54661198256689,10.299336258609177,1.0
071d7b45,3211,11.897925721120581,10.123303541202072,1.7158174715723387,0.75
698930d1,4741,11.887768818737488,7.408923873476044,-6.981087009777008,1.0
137d1e44,4554,11.887648370046968,9.817352918906588,1.079618126664656,0.75
6d1d74e1,5830,11.887571200184345,9.238420240137268,2.618557461406848,0.0
d6dd7330,6193,11.882868312821401,9.595363057238997,-7.595854371649888,1.0
f074d277,2453,11.873686523388516,10.318644245205943,-10.07639016616587,1.0
58fa8486,4475,11.843360416602138,9.844785378854162,7.889559663535269,0.5
1b08ed48,5618,11.838490879530399,10.44722855108537,10.200831256674466,0.0
9a6b0392,4255,11.82257518103387,8.840960815300077,8.554609797429803,1.0
200d233d,3926,11.780776402718729,10.853321728357077,-10.853321728357077,1.0
727a3a10,4397,11.754403388374204,10.902447010714486,10.902447010714486,1.0
d0a0e7b5,3816,11.676903707262621,10.458778825996006,-10.440901467505448,0.0
84815d5a,3647,11.65795894352909,10.065790206605095,-3.0553101966401486,0.25
e730c32b,4728,11.654671854511827,10.558796531301683,-10.405145939084909,0.0
33c40295,4169,11.651029720581018,11.032662912151855,-5.773002476447633,1.0
52f1e77a,4442,11.615115999127493,9.878071305478965,-7.8378683548853365,1.0
7850c72e,5497,11.599255749438642,9.74142061425051,1.4334308819907988,1.0
1a68190b,4474,11.569476529470426,9.985839699637946,-2.4000027501685843,0.5
7987f2f2,3705,11.53962024321195,8.433753675460263,2.2113264323132964,0.75
028d7b28,6234,11.505374242981553,9.719279788798925,8.627577129187678,1.0
b56bc0aa,5602,11.469334657122985,10.784874616469923,-10.483175469180441,1.0
69e41fa6,5772,11.453392139519748,10.363395856625173,10.363395856625173,1.0
367456ce,5569,11.415765204167778,9.645872362735593,-9.64585905233133,1.0
09053135,5907,11.376357324653497,10.017627923966572,-10.017627923966572,1.0
9298ad5b,3964,11.360133296766644,8.974415900741207,-2.5799143067807537,0.75
5693dde2,3488,11.335837753508619,10.390138103744858,10.390138103744858,1.0
ed6e6e54,6048,11.318581033032002,7.764826929210541,-3.694329269791898,1.0
5f6756c5,5931,11.31635342173132,10.372628676514891,-10.255320563317005,1.0
19fb4f7b,5620,11.312392534680582,8.841034632654782,1.053544333574386,1.0
32fe84c9,6408,11.297230619038949,7.519485558259312,-3.1876636014325044,0.75
4a8ecc0b,5809,11.211904800768597,9.65338612497878,-3.790218626270524,0.0
43c7f85a,5978,11.180370167514397,8.900003345601032,8.790990297759004,0.0
f8afa78a,6032,11.173329171124951,9.648024726558836,-9.582165201970136,1.0
eabc711b,5348,11.132783923599833,8.854720729150419,3.767624417224403,1.0
5a63b5d1,6217,11.081908560772675,8.630125196277305,2.6460738005816977,0.5
d00e7eb9,5704,11.031817765429013,9.930151459424026,9.69389926521464,1.0
cda7eb37,5973,10.988000214497022,8.096539345104457,-3.2752096860534308,1.0
c6b782a4,4877,10.939543934628674,9.810720930681887,7.697317149031083,1.0
4cecf7b3,6019,10.93364532404231,8.969738127237488,7.185227714621272,1.0
5aef5c6c,3121,10.926258823623487,8.276719000320538,5.337289330343088,0.0
81bf5923,4543,10.912073213110327,8.822331244278146,-7.287179390317272,0.5
9bd2bba3,7439,10.905449844801124,9.974648988528356,-9.78279486671525,1.0
4630ab92,3373,10.880550178687447,8.369955529202837,8.231473465757936,0.0
eb640a35,6037,10.873546269199386,9.805973442689032,-0.4829115751728748,1.0
75c20ec7,5361,10.872422850618953,9.148746536529549,-8.042842748905123,1.0
62569ae3,3588,10.854081581011833,8.05463030727825,5.9825165614994305,1.0
cbb406b5,6328,10.84949298588916,8.675308898888096,-8.303082847797816,1.0
dd6bc5b2,3602,10.844819663902445,9.111559894581282,-8.17436103334211,1.0
593876b6,4842,10.796959017209073,10.007148057437412,-6.912857152397809,1.0
9ffce529,5212,10.783014790158417,9.299055848344302,6.525702065409591,1.0
25939962,4319,10.780539919658391,9.633636019365122,-2.9696272947525393,1.0
ccedb12b,4401,10.710949404344076,9.733281724959012,-6.888876814738995,1.0
d1ecf309,6168,10.702580737190198,9.44077508338611,-4.770059174560249,1.0
a8ed028a,5538,10.644312190759956,7.88190608754443,-3.26534471942286,0.5
861e71df,4700,10.635564461045247,9.403104995782181,-9.403104995782181,0.75
aa95015b,4300,10.633867504132857,8.997207260155012,-8.380891676257553,1.0
1770d7c6,7240,10.628050128023771,8.378994429009403,0.4375061552466003,0.75
7e721392,6174,10.614135680014654,9.318880790230525,6.856389698062642,0.0
1a730ac2,4605,10.607393503430167,9.781076598215607,-1.640109267108409,0.5
a056d01e,6557,10.604543632077958,7.002223445522678,4.7255041295328,1.0
122bd617,4570,10.603670644033075,7.993260948130412,-2.936139044749017,1.0
374be387,9965,10.577428352738604,8.858941395057506,8.61922127304256,1.0
4caa7289,5396,10.553608805648667,7.893652791830136,-6.508566488305755,1.0
53f23031,8550,10.48727100478658,8.604716542123398,-8.604716542123398,1.0
c03d4aed,4641,10.485455024376263,8.235160077434152,-5.701346236353705,1.0
3584a6eb,4494,10.470807253166916,9.526319916142938,9.526319916142938,1.0
5138a660,3559,10.43710213002705,8.123113580122187,8.11974783732095,1.0
ec13af42,5462,10.423024601006036,8.336359355003479,-4.292411781564431,1.0
b7fea9ef,3866,10.404823459206197,8.318060246963238,-4.371596875004048,0.75
729f4217,6195,10.395187236787915,8.233035469174904,1.7689246542519246,0.5
2fe023be,4221,10.390136278030866,7.710713051837068,0.5833301333317584,0.75
f631da6e,4093,10.362062982514455,8.694002587424917,8.694002587424917,1.0
4121c517,3723,10.337421875301285,9.05559712730376,-3.9511278817254216,0.75
6e9ccd38,8282,10.330487961260934,7.819205203817342,-0.342076508913745,1.0
60e37807,2699,10.329656769098843,9.104363111662993,1.2568816036083328,0.5
b19b0395,5813,10.325636496736294,9.606407428029035,8.475550152155833,1.0
e97032ad,3530,10.29304010661192,8.86815341482685,2.7118809296059774,0.75
a79fd2e7,4404,10.251186336069976,8.242694179907916,-3.8994670034284584,0.75
3407f5bf,3638,10.249129728033461,8.442048586943537,-3.9885729487237467,0.5
c2c4db09,6039,10.246145326831405,8.784843945987435,-1.8631641117598459,1.0
a48640d9,4532,10.24232320205755,8.760319654011147,-3.4515968445013736,0.25
f72b268f,6404,10.208307954038014,8.771287857113803,-7.382222987253447,1.0
1e5e3573,5480,10.207842873387056,9.062173130141224,-3.9679103524901413,1.0
13f598d9,7306,10.20598567445257,8.72446361033619,-8.5193970861654,1.0
46a7190b,4215,10.20122579341644,7.788182520283147,-7.241497413978084,1.0
722cf0d8,5143,10.177843533099246,8.645617306848028,4.680308640776907,0.75
e32da4ec,4689,10.173760736284729,7.730720496089842,-6.360258929982355,1.0
109d9d70,4215,10.164126350767004,7.9226820389893975,-4.937451329296785,1.0
69c1bdad,2714,10.154195996162851,8.747319602764321,-1.8270434473665313,1.0
e5ff9fd2,2354,10.130793560757748,8.620678917168235,-8.620678917168235,1.0
940a48d9,3963,10.097646854394302,8.365874897463495,6.0579207742967895,1.0
d085e611,6191,10.085599752166635,7.903873546177476,-2.013931158551484,1.0
a645da9a,5153,10.055776326914826,7.5076322057164395,-7.419560122522793,0.75
2b547943,3480,10.04721989677668,8.522992625922884,-8.12515903955969,1.0
a2e8e7f6,4760,10.034770396880983,8.155558339115002,3.01326846388749,1.0
272abef3,4135,10.023016592838678,7.455864570737903,7.339438935913301,0.0
efde6ac3,4559,10.011728455550978,7.291059885839721,7.238203201484268,1.0
f8662c22,5429,9.999552513336434,8.410885521570723,-4.062970234689473,0.75
98bc6f66,6063,9.983478780739024,8.897111095184206,-6.8420302674903715,0.75
fb3848a1,5919,9.95288488689921,8.610134817988042,-7.953557922260859,0.25
084d66f9,3885,9.949853336096385,7.463549258357777,-3.408896170717834,1.0
6767c111,6783,9.935976567691492,6.842962105008231,-4.612662018489513,0.75
0390d174,4411,9.904757690509305,8.745887164537702,5.648751698776572,1.0
81fc01c6,5909,9.900221608278724,6.990610772110057,-2.444413490835681,0.75
12f0cd90,5947,9.898912407440536,6.8375612572248805,4.810447878047696,1.0
2cee0cba,5500,9.891487418907545,8.238638709076596,7.046016866083601,1.0
c9578d27,4487,9.848197089765405,7.80560570627499,-1.0429363623531585,1.0
ffefef30,4570,9.802892851716534,7.8141035593585775,5.62855717411266,1.0
c84c65be,8496,9.794976038380728,8.625160803559902,-6.27934310152401,1.0
d9eca87b,6373,9.772776314413857,7.295127986889802,-2.592900169663553,0.25
eb06a4e7,4535,9.75569751818781,7.730885123181199,1.9051980734830916,1.0
7993a768,5487,9.753556414165704,8.712796269207972,-8.244166418329003,1.0
b585b4fa,4294,9.742512211778449,8.300694943020481,2.2347473965806017,1.0
2d0c268a,4550,9.739942662535507,7.785219829448755,-0.2788261221002656,0.75
5d11dfb5,5895,9.730942517681488,7.271748745108217,0.7233365857665214,0.5
1d78281a,4949,9.723251091929232,6.740268867057118,-5.395389036020279,1.0
bb337fa0,6873,9.707472118171822,7.1324290797377605,-1.876412920586027,0.75
e25f1537,3177,9.684468406298539,8.585105093138019,-4.39696148433165,0.5
c9e6734f,4735,9.651067837937221,8.927070793717908,-0.3310584999872269,1.0
a85e4bc3,4581,9.638478456190704,7.391453831041483,4.986930801135577,0.0
e7d0c1de,4711,9.627840014339176,8.17830114130338,8.15208559043645,1.0
807f0298,3747,9.623440689382699,6.277811035210542,-0.6218380474085662,1.0
56b00794,6065,9.556421198145257,6.875825633799538,0.43314214159382036,0.75
8a89da23,3935,9.48665482381776,7.802935197042851,-3.354772553572734,0.0
37344c2a,5197,9.44685836836581,7.590263056964506,2.0007479031302804,0.75
f053a1b9,4108,9.429349723404842,8.406983457408694,8.312272418296045,1.0
8a3da6d1,4593,9.412246097229765,7.848571739603689,-7.010400609623263,0.0
3a223519,4583,9.401162306681243,7.24448178049331,7.231533929740548,0.0
96b7eea1,4332,9.394938410855,8.963897726582402,-8.950267144669661,1.0
f9fc81aa,5598,9.347738866693078,7.254832201121838,0.8322130135220758,1.0
1295a25b,5551,9.337377497229642,7.5294616420202045,-0.34732267682500073,1.0
20096916,5133,9.30900291625119,7.599406289110334,-7.338803223840205,1.0
f6bc699b,3752,9.301350490928355,6.977784698683309,-3.6245890628259763,1.0
1aaf1da0,4804,9.288199403984146,7.7373646960855575,-7.390799333886973,0.0
49dbc14c,3872,9.279143194597305,8.385734897579914,7.62934502962322,1.0
97cd5bf9,3449,9.273936692075774,7.770710350826331,-2.3083212525371266,0.0
198a5607,6251,9.272200002036794,7.174485963662533,6.64997764066905,1.0
481de5fc,5952,9.26808238299995,7.848108828643775,5.076414606033245,0.75
6d590e26,6096,9.25525039301404,8.120464631143319,3.938251368877109,1.0
b1efb8a4,5998,9.248115184008766,6.782499294900611,-5.289050737274573,1.0
015fe0d2,4296,9.247024814952765,7.380262100361721,2.569507181102521,0.5
1131525f,4159,9.238363356485886,7.833730403563854,-7.673694756967524,1.0
b0f53bf4,2755,9.231328022549082,6.971978221416221,6.9719709618880925,0.0
71642c7d,4648,9.227404365840613,7.783212499850604,-4.231888720790673,1.0
fb73b13a,5640,9.217655389103447,8.065023478872675,-0.9025610400925883,1.0
e737965a,5955,9.214851181381846,7.883597736490845,3.0462323961087607,1.0
699ea575,4120,9.190201393003042,7.121068703318443,-4.628139493323641,1.0
beda8696,5912,9.164035105531566,6.0983534862593505,-1.7724296803537543,1.0
eba6605e,4410,9.150486932665377,7.84891225486009,-5.42773945662785,1.0
46dfcfca,3606,9.13562962152543,7.279477824140914,-5.924799194596422,0.75
729665c0,4263,9.128861353519524,7.7010623998881105,-5.44385289061252,1.0
87aa3730,5607,9.116484132166912,7.271057606563308,6.057731407169762,0.0
62a6f539,3693,9.073249536213604,7.5678146421754295,7.03291716189449,1.0
0e5e560d,3253,9.065270137555236,7.851549794462343,-4.015075610605975,0.75
ff8bb73a,5927,9.054468428094198,6.632610872286764,2.696925264753597,1.0
f03f10fe,4145,9.050141829913809,7.438340614265958,6.616554219199243,1.0
c2c6fc71,7119,9.021635784271602,7.650842649515467,-6.7236995219358455,1.0
27ebb9b9,5766,8.995793126603285,7.062818014064159,-5.830972783859981,1.0
5def1ce5,6443,8.993027319849858,8.085881099499009,2.8066469992094087,1.0
796dbd4c,6248,8.970841738779402,7.729341156120103,4.973322863641253,1.0
e7818f7a,5371,8.965641627323286,7.993934707096387,7.969693213072541,1.0
c70c0e01,4312,8.964901066736223,6.732135899814753,5.453281539889101,0.0
125be846,6510,8.954880657571804,7.096914796339274,1.0940164754535233,0.75
9ae248be,5271,8.94143476542199,8.140255023928185,5.186520504213172,1.0
b95e7121,6306,8.912828280450883,6.885092848422902,6.237032000088614,1.0
f4d12d23,3701,8.890163501666734,7.84362738046308,4.738680599180391,0.5
ab3ced07,4250,8.876334392749834,7.387928870128314,4.426908442753477,1.0
2e43c2ea,5698,8.86655197252666,7.948877546548396,-5.0200686799998575,1.0
42669188,4282,8.86574591315866,7.548003204021992,3.5928597825727704,0.75
d924e971,3184,8.864539980510322,7.265632085953972,6.777299582658669,0.5
d9d6d94d,4919,8.835976421812726,7.872644216462856,0.16012016050885772,1.0
529e88ca,3417,8.8338570465238,7.599477959507912,2.732715705326431,0.25
d6c320d9,5452,8.820651354747858,8.020242872385595,-7.894400842829099,1.0
000d7d20,3836,8.81560989695035,7.322816566713229,7.310116510035758,1.0
a247e7cf,5674,8.813413572624567,7.120994396686154,6.626148162278983,1.0
cbe51de1,3963,8.81111264641705,6.788667563710397,-0.7672014365573065,0.5
9ad5410a,4205,8.806309183702732,8.356335278938634,2.997454118472825,1.0
fa667be2,7296,8.802015991385062,7.083858278507971,7.083858278507971,0.0
5aa403d0,3118,8.78609257039166,7.562621608113,-0.8183610549126211,0.5
5397ceb1,5255,8.768171978423702,6.762024903481885,-2.5139253421638132,1.0
173ed841,4883,8.764627395423524,7.449884357546199,-0.9085502442516245,0.5
eac10e86,6067,8.749404464244584,7.80209898553071,7.80209898553071,1.0
f40cd091,5166,8.740347571474853,7.12178720924438,-1.316200474434283,1.0
cb879f40,6315,8.730737874423104,7.719312357873833,2.7755785565006286,1.0
d9ae59b2,3648,8.710813004626784,7.5170769708731555,7.514098847451537,1.0
d543916f,4799,8.693977006378299,6.354700309814204,-4.962582974879602,1.0
3bbe1f5d,6918,8.636156418937235,7.7848931915002915,-7.0648356810836015,1.0
ee0300f7,4544,8.627626581464789,7.317466989681751,-1.8564722706315067,0.0
c593337f,5208,8.618132427323111,7.479341593542828,-3.449090407812833,0.25
7b38844c,3749,8.597645827214846,7.626726764672442,2.813845362004818,1.0
5eae34a8,4904,8.588676725115842,7.118516766145284,1.6510453306087338,1.0
d1457cc5,6920,8.585546366909007,7.578786574621125,0.31485964091608537,1.0
995ff498,4526,8.530730907342345,6.552816992268792,2.9261672585671827,1.0
bf39bc20,3303,8.527145310026352,7.010459077212598,0.8166852439151782,1.0
aed44918,2719,8.511953757378045,7.143472718661348,-7.094542703597339,1.0
10b89021,5414,8.492516659223625,7.020475725893241,-0.032529957075447494,0.5
c2717d4f,4721,8.452559650622254,7.519205676763687,-5.360891760220937,0.0
93209a3d,4697,8.438775444589208,6.497605293721662,0.4882934770130923,0.75
74b6186b,3405,8.434096276401897,8.155549698332473,-8.155549698332473,1.0
75cd5f11,4946,8.349163154392501,7.304553229840229,3.42536741287567,1.0
203721ab,5730,8.346034287071022,7.01471121083701,0.4242427511162707,0.75
0dc835f3,4428,8.34525036381308,6.596456550806361,5.2080666385668986,1.0
9a8ae0d6,6294,8.329185583026995,6.047156723143178,3.457887505356092,1.0
4f4afcc6,5645,8.324204115356522,6.541695305580084,0.2522497785646035,0.0
c6797dd7,4664,8.321956439455471,7.182902958337069,3.1619306812108157,1.0
e6c55748,4472,8.321265361436371,7.363402608766038,-0.8442694918590743,1.0
c50b42f6,6014,8.321207229492181,6.858035658148473,-3.2936426583568195,1.0
cdc60a53,5878,8.315926094659538,6.658050357264312,0.7256243620269515,0.0
91abc4c7,5848,8.299334554469919,5.585646247196263,5.185343127678114,1.0
3ac16ad0,5649,8.296155160891683,6.199500910762334,-1.20899837473473,1.0
3c3dbcbc,5069,8.29349171896155,7.123116985598751,0.4242690866047262,0.0
7cbbd047,5121,8.271596798279166,7.399857152971274,-5.322278270356019,1.0
bffe3082,5723,8.26535097374019,6.927169884364328,0.19311158126966646,0.75
f5d8aab6,4444,8.26109162928422,7.060493730401429,-3.489729668798752,0.75
a85bb86f,3099,8.250362482927189,6.984548840955681,-6.938919087356666,1.0
4f4ac5ce,5162,8.247610889845776,7.302433567154117,-2.3033190662141636,0.25
512943b2,5029,8.245672597021732,6.592672911477031,6.592672911477031,1.0
4936af16,3991,8.244949854565562,6.067460385471728,5.33659269503212,1.0
d1ee630d,6290,8.226791721461062,7.071844725362115,-4.715854006850169,1.0
cd7f1687,4232,8.219304302555987,5.693299759547562,-1.5601636663679188,0.75
be063506,4500,8.181916866212678,7.413785828216622,7.34516902404344,1.0
90386ee4,3840,8.16738070614047,5.981102740870788,-5.950809639974964,1.0
739a914f,5505,8.131837755617475,7.222594014772283,-4.855341875015033,0.5
01869cd4,5557,8.126235704452583,6.4972030785388455,2.6773669116104024,1.0
310c71a5,5245,8.12198159590489,6.846600483766253,-5.440152804073678,1.0
dc5fbe29,5203,8.098657358859692,6.244236460960797,5.180834096810559,1.0
a6ed2eff,5275,8.094693594531218,6.308294289253639,-3.2238585436298837,1.0
6dbe4b60,4648,8.079836840152144,6.158084551512007,-4.920433948110919,1.0
0955cd6c,5195,8.023088122545198,6.652188642925418,5.667599615013482,0.0
1fee2b62,4641,8.005962803062864,7.231908197907039,-0.2528770452015377,0.75
abf460d2,3217,8.004538187924435,6.519921732855147,-5.497620887787333,1.0
e4726608,4733,7.998134267551694,7.188397238014779,6.591450601149056,1.0
bd2c2f34,9823,7.995464242080684,7.098807056449976,0.04220417526409544,1.0
8902c3f6,4959,7.995105576446713,6.993843139497817,-2.7632498876542364,1.0
22c5f93f,5172,7.98824183519597,5.358779924002538,4.332549467556187,1.0
647f2a41,3881,7.986259803649633,5.178519867267945,4.293002168131936,1.0
0c1b160c,5054,7.985942773595505,5.817097474487932,-0.8625711267526839,1.0
e7c36e81,3531,7.98151400698473,7.382950802553952,5.186937495959833,1.0
5f75f796,5562,7.980214108045362,5.848057860879693,-5.749855454170944,1.0
2d179ded,7008,7.912965296441664,7.116539044376647,0.0794973638265826,1.0
e5c92e59,4295,7.91251821728879,6.817785221946516,5.337615899821062,1.0
c1d046f4,5513,7.8873964482507635,6.28763146156952,-4.856282901098458,1.0
76201745,4448,7.881811891978768,6.300676708633065,1.2500786870496188,0.0
4b462989,3106,7.855483970620635,6.494034150382714,5.760992166524227,1.0
bd6f0e19,5140,7.849907160893072,7.229040246431851,-7.229040246431851,1.0
3bfee975,3603,7.840543276658913,6.473796835970038,0.4341520954760594,0.0
0be01c24,4738,7.825554494013513,6.797593732481546,-6.364749596119162,1.0
c908edd0,5293,7.818049754585362,5.886402291878239,3.1799478403038113,1.0
eeda36f5,4797,7.807474623025446,7.207631810983945,6.932692973005267,1.0
b8c49c1a,4319,7.80550064504146,5.988350434082484,3.286034666151272,1.0
3e678ea7,6858,7.80485918487038,5.650412642272553,-4.586966727074807,1.0
8050c789,3077,7.786449457719408,6.513802404939671,1.1505719856994203,0.0
dc7f9757,4360,7.773643989089918,6.8747699351202005,6.248593581623889,1.0
89969c7a,4947,7.770803439717221,6.835455790504104,0.6623270371040415,1.0
2c0c4a4e,4790,7.735523715760809,6.130318695010689,-6.090734575464094,1.0
29b24409,5587,7.734078533948015,6.406086050394134,3.8438730307899656,0.75
53134831,5126,7.7328721147434045,6.33869231569122,-1.0765048970431508,0.75
eeed308d,3899,7.725208735084729,7.168169988308981,-1.997185269768607,1.0
d114d9c2,6206,7.69852853923108,6.224972607154548,5.069523042217522,0.0
d63196fe,4510,7.693980847674281,6.347229521993025,6.200634604220233,0.75
e85074c5,5675,7.677787765544275,6.379426355470231,-5.751956040306744,1.0
0dd99dc5,7342,7.669913739120489,5.684146697397684,-2.064354347963411,1.0
1944513c,4722,7.656107656755611,6.553738559536729,-6.44736827108338,1.0
0849b4e2,5537,7.646071957512596,6.328840943622621,-4.164515202529302,0.5
2ddad940,5331,7.645816438023014,6.393792909398017,2.9287657099987836,0.0
00e12e8b,4301,7.629806724610746,6.263799960349331,0.6342413050784067,1.0
729e9750,5919,7.58980407458007,5.946718411126645,-0.45843710692985323,1.0
ea0b99b7,9239,7.579801717853191,5.888287159953452,-3.5566905424997763,1.0
9efc812e,4450,7.576886393395551,6.662152071711731,-4.6648337306139975,1.0
bb682ebd,4139,7.562626060925457,6.3550095373719975,3.577053576281451,0.5
8cc800b3,6576,7.561293248129277,6.6465289950183015,6.164745221916004,0.75
9b9e3b49,5118,7.537010189917102,5.860575077090415,1.5000983186786834,1.0
94467f50,3035,7.512495382349003,5.676466445011498,-1.0785885191455244,1.0
f07d7037,5563,7.4960867974462735,6.607797950745775,-6.526395829588105,0.0
dc7da28f,4774,7.492618105794109,6.469401604929865,-3.5542697094507756,1.0
9ab94eeb,4442,7.489859447397934,6.529107004604091,4.1541991041627915,1.0
46d41ff6,7901,7.453106767990509,6.35106200556607,2.842032529712656,1.0
3ef98781,3892,7.449847763687774,6.2900212247345495,2.166328539792212,0.5
35b3ef6a,3904,7.392122177600628,6.744768743628743,4.035191095282164,0.5
764072a5,2949,7.377121551380065,5.5856856224381195,-5.5856856224381195,1.0
052d64df,2445,7.343142916619429,5.632824963576326,-0.514519374692944,1.0
e14d641e,3184,7.342171034473165,4.833139040326789,4.439652175057748,1.0
fa31da94,5027,7.329698693944606,6.213985092806973,4.241383552607574,1.0
c96c018a,6236,7.308791062261749,6.145594539555602,-0.8382491281173614,0.75
91db7070,4073,7.301050337551242,5.515403666832104,-2.520057287443824,0.5
48c1f673,2917,7.287402039689545,6.135354816573039,-1.4503496740043307,0.0
0d99f8e4,5823,7.254472675537194,6.216337669073386,0.5668256372795717,0.75
54a7e3c2,6155,7.2497623363356505,6.331853691722891,-0.20115236777192078,0.75
19137a89,6267,7.223475169999802,6.218178103487887,3.1126332710758917,0.75
26d3a96a,4721,7.222014754645794,5.6330180214884455,-3.573359381456375,1.0
8382f4b6,4967,7.2164002418968485,5.689844759486005,-0.06725086748597461,0.75
925a7cd1,4517,7.204285547721855,6.834743051256148,6.834743051256148,1.0
d463e527,4767,7.202996344020996,5.81749896238318,4.0626727845536905,0.75
e0079ed1,3471,7.199720761248987,5.749277790512372,-0.7812009904338301,0.75
ae0784a8,7823,7.175744348005019,5.52546899591817,-4.216448663116492,1.0
70e1788b,9285,7.159206283115687,6.2535541195478626,4.478318793753674,0.0
b7974e66,5558,7.119427080040429,6.192974072423059,-1.7320432690454681,1.0
c03b9305,4255,7.1171172090817905,4.242542890716882,-3.431393654524905,0.0
6ea22614,5971,7.107761329395049,5.755900561530904,2.543398443401377,1.0
73348914,4221,7.1066704053056045,5.457789469649838,-5.3867184415933,1.0
45fb3e21,3649,7.101549817320331,5.624932858165943,1.5346177030820554,0.0
6e6d122c,5632,7.089047551345188,5.181617500491243,-1.4650570274183805,1.0
9def2eb2,6003,7.061582409154718,5.864765224044808,-1.8193284674566943,0.5
1619e2ca,4443,7.047650227753581,5.4000394522813675,-0.028227320891924482,1.0
c43812e2,5527,7.016864008504025,5.718757011036628,3.9721892527589513,0.0
cdc31d65,4840,6.998542571213606,5.0882358235550065,-1.31924229118467,0.75
1bcb2fcf,4524,6.9816319788405945,6.1643110721854955,5.078230453492386,1.0
3b21ea64,7376,6.945556470534458,5.487523009472244,0.06661653802270869,1.0
43b06c70,4846,6.945170737444023,5.328496060806809,-4.40375235159459,1.0
ea3a0e38,10052,6.938324202751047,5.8525730579947775,1.285112081789832,1.0
726f3dc2,6723,6.931383638655225,5.176508998959009,3.964630373345576,0.0
8d92cb49,3589,6.877455356040402,4.850727704800584,4.8455863179917396,1.0
2fa01aa6,2174,6.849076270924296,6.228155473592553,4.248284268391868,0.0
aff4e561,6026,6.831648818219534,5.363611423448734,-5.268523157555494,1.0
2b034622,5203,6.804014718730457,6.132915280641729,6.132915280641729,0.25
2ee0235b,5556,6.80295371229703,5.516560475161393,4.893651907846635,0.0
4e050c92,3705,6.760683545123174,4.699427800269788,4.123616734142836,0.0
6a8fa194,3017,6.748239192325078,4.983703397595774,4.765853543808163,0.75
a6b8ac67,5453,6.718073769033604,5.811351612996292,1.8983147555781457,0.75
c36625df,4742,6.71636149953748,5.57215020027581,2.014990526923576,0.75
0a57a29c,5821,6.714377604106491,5.618881788717042,-3.826840334317917,1.0
0498acab,4798,6.70702551066347,5.274584918463355,1.0933170348644934,1.0
2364716c,4316,6.696544166367837,5.693592834332341,-0.5030538657763682,0.25
87695469,7003,6.688136635119534,6.122705098408235,3.5901574276067683,1.0
ddc790ff,4726,6.674766503451987,5.799602506533991,5.391587394797624,1.0
d60430e6,2511,6.6712171169363295,5.730772890202531,4.236008017909056,1.0
940e709a,3348,6.663976034306115,5.333397482726128,-4.8511087004576865,1.0
fd3b4faa,5022,6.634743459016214,5.389688559480709,-3.208604713802398,1.0
8b9d8326,6163,6.582552988433189,5.108718156741594,0.7142706474126416,0.0
a0e92ed6,4897,6.5763936264205896,5.322382764807976,-0.18859324867536884,1.0
d3df146b,5787,6.575791397511404,5.743603228012528,0.7213540172799048,0.75
47ee27ab,6397,6.5425998656291755,5.701713926765717,0.6489522129064919,1.0
8c8348e8,3888,6.541121071059431,5.0918209876544385,3.2677057613172398,0.0
eafb863e,3568,6.53573315943356,4.733117843571701,2.7661361084123066,0.75
6ede926a,4938,6.5070066079769555,5.8093655687477,-2.741989662671685,1.0
18d24f7b,4558,6.501525316147419,5.553975646768408,4.1878881307697045,1.0
a3518960,4967,6.492778995955118,5.369041962633785,3.1086582503623066,1.0
877ed19c,3708,6.466494667024885,5.198181156667021,5.114911341767886,1.0
12203f2a,3261,6.4618750252573305,5.201638755223424,3.415452990165272,0.5
dd7d638e,4301,6.46138412896129,5.4856657477752275,2.123929051678383,1.0
5a5d1982,3894,6.412668220096831,5.482156308245754,3.66990683845826,1.0
a4719920,5884,6.399783992620094,5.047613144842493,3.4029316046957088,1.0
060ab2b8,6258,6.3866968612354995,3.9216089431481307,2.5197040631941996,0.75
7e208414,4226,6.381931414565357,5.610754850922744,5.409320870799672,0.0
463c38f2,4460,6.364167418260986,5.3215108421383,0.8319010933141302,1.0
059c8f24,6258,6.316441225231413,5.100444353818935,-2.6205309383663486,1.0
02e7fe5a,5108,6.302570128767527,5.008146571043434,-3.8446902849491082,1.0
fde20ecf,4667,6.302428882717442,4.629556653164904,-2.1570682454199632,0.5
dafc88c3,5572,6.2886371359194975,5.38914980599763,-4.586966581858408,1.0
4654e7de,5373,6.28514218237116,5.264486926601347,1.8593286844844332,1.0
8c167025,5368,6.270498556285358,5.141478100043703,-1.7577878216504357,0.75
9283ae69,3371,6.253741957266277,5.1087806330271786,-3.453396994025423,1.0
d4f60a28,4501,6.239468876642046,4.800986242556453,3.807528227205598,1.0
3690a146,4073,6.234798985628174,5.284765151309396,-2.1094170916847204,1.0
98177ced,4772,6.229596112204521,5.217421559957556,-2.3373380558802346,1.0
3ef6372a,4727,6.229379944022544,5.183985614554733,-0.5635455891692552,0.0
1a518997,4606,6.21336444796413,5.233692098314261,-5.206227220719492,1.0
1e30dedf,4071,6.205423398466735,4.159747169854052,-0.8654286797267331,0.75
353e5502,6062,6.175318523256742,5.474412767153898,3.271533687531998,1.0
bd8f847e,4961,6.136990219755199,5.086404918597151,-1.6798081508905485,1.0
7256229b,5415,6.121313416231586,4.880984261577775,-0.3433754982320109,1.0
cc08aa63,3274,6.114707140931577,4.792809335122704,-2.776158319301621,0.75
7b2c7b3c,2584,6.112797018944919,4.104331254804855,-3.8107573844651066,1.0
ab94878e,6004,6.090270250340663,5.061104263824063,-3.821757161891978,0.0
044af7d1,4519,6.079315228282309,5.373663736225923,-2.5509062166515766,1.0
4ed93db6,4657,6.067355764386882,5.237416948927234,-4.86281094508893,0.75
f021b650,3739,6.0648958383191385,4.933047372049981,4.677436378940786,1.0
9719aa04,4871,6.062133494805153,4.188253228734278,2.1537616412935936,0.75
da3cf798,5844,6.033195916922432,5.121845686840202,-0.568780394850937,0.5
e748dd88,4812,6.025416925687283,4.387699976629921,1.314270768802977,1.0
2be5c96a,4210,6.021424490457522,5.372994448507761,3.392865617134537,1.0
89f36adf,5292,6.003329313500689,5.251738791360277,3.427587043596953,1.0
f439a621,2821,5.9851053082558865,5.092153744662545,0.8784741106508273,1.0
2075c696,3188,5.96895195703822,4.950192942035367,-1.7501616805377047,0.5
865033f8,3557,5.9512070575544955,5.061960232042839,0.014031232210322953,1.0
01982c1d,3941,5.94963920588882,5.470322302324255,2.6161109522725594,1.0
a5e6f7dc,5649,5.947466338813609,4.934451705908653,-0.24601995118339953,0.75
cad13e8f,4848,5.933208420350888,4.3855719593725615,4.100279057538769,0.5
1b82b665,3806,5.914515040644565,4.95343547177437,2.686847023259923,0.5
7cd4bb31,6439,5.9143797077311655,4.7372091939739525,-2.1279686286684676,0.0
5aa03df7,4871,5.909247356815522,4.195612680978585,-0.8247845104333791,1.0
1d3fbf02,2694,5.906372283901897,5.167654046027841,3.5176243504074436,0.0
b38e3116,6211,5.901692549311684,3.863264863696557,-1.9210821173186714,1.0
9c8375f7,3674,5.883770901175456,4.716403242969937,0.575873834024096,1.0
19871e7f,5293,5.879957039303965,4.851762590513966,3.3684002485295412,1.0
03a935ae,2786,5.875162602272094,4.667085426991721,3.166238333921389,0.0
59f8b2e8,3747,5.87363103685776,4.824227578483892,2.7640921792158584,1.0
b32e4903,5770,5.863958705383137,4.900771230502566,-1.169856152512329,0.0
5a5269a9,6513,5.863105043604518,5.076396437893407,-0.6862413634263369,0.0
9d072e4c,5107,5.815672421166479,4.828448566108962,0.6098053558479819,1.0
c6c96179,4004,5.80770031828054,5.1518536517053235,-0.735420206393225,0.75
204cc64b,4805,5.803296945289431,4.650928399587626,1.1742533985113979,1.0
f0188a48,4170,5.78243673837841,4.925773839120582,1.9567019756170334,1.0
f56d3ace,5432,5.780016361157133,4.51869732267398,-2.978082184414505,1.0
6ae68655,4204,5.759894925319547,5.253000916254395,-1.8512140151014973,1.0
7d50373e,5122,5.725135879780209,5.146244117548972,2.212026151245981,0.5
3a824aa7,4201,5.690131490731758,4.577310164246696,2.661018805047098,0.0
8648abae,4244,5.681176092062763,4.136467091042416,-3.32392038998265,1.0
2d9f6cb9,7338,5.68067805194705,4.643433251601881,4.086883499382258,0.75
1285a37b,5597,5.680151698725326,5.258603943381223,5.258603943381223,1.0
516088b7,6645,5.644742725543158,4.507640692612953,-0.37959718961672856,1.0
264feceb,5665,5.583623716508375,4.982955450290949,3.187906162064793,0.75
e46f4ef4,7195,5.552258178421493,4.3720510202375,2.573774831286193,1.0
72dd8501,5193,5.542696685917228,4.851297736370972,-0.5339583131156983,1.0
9b5b61c1,5532,5.539563273639958,4.767019553900311,1.4704194795557586,1.0
1b6ba517,6597,5.510124155985042,3.7153029229897996,0.3369621942296648,0.75
368131f9,4991,5.498758940951531,4.57942877138949,2.6586384143884985,0.25
c47e0767,4356,5.482781650497202,3.9834035970508888,-2.90720231088569,0.25
8bb9c1e6,4546,5.4819370335332405,4.542093367985728,4.511786491588874,1.0
ae35f33a,4450,5.443376025579001,4.111694373301259,0.3941741494698563,1.0
c99f9fae,6361,5.40523137400998,3.705080962114034,3.634340512499488,0.0
1fdbba44,4911,5.391017191225165,3.956991226629627,3.349716460881616,0.75
cb34231f,5609,5.380811658407724,4.252173159862246,2.1538624269535958,0.5
5fffa282,4201,5.318148657346763,4.6528326588914055,4.6528326588914055,0.0
09ec2ca9,5885,5.304268434029184,3.955073645473833,2.7774578061152018,1.0
78a4a386,5119,5.288143801256592,4.629341650000752,0.23928409068240078,1.0
06df5958,3509,5.285352827842329,4.435106722572374,3.722442157788405,1.0
c03fba65,3699,5.266081294624632,4.125205312021385,0.9395301938389675,0.5
c9fedcf3,3517,5.2553890522531255,4.40693571582074,-4.330245756949991,1.0
24d8997e,3442,5.2549140690573735,4.164415812366024,-0.18780762238843052,1.0
14ad5efb,5842,5.2168036903747295,3.665848275927683,1.9422133150759526,1.0
5542c301,3591,5.215140818440734,4.072833886393628,-2.539445618218076,1.0
2d2d0c6b,5045,5.19165189269569,4.23878211605128,3.9988932406984854,1.0
9314ff13,2748,5.189815774469084,3.819148471615926,3.0770887918489747,0.0
113011eb,3272,5.177910618587731,4.0868154034229764,-1.0127995110026504,0.0
b32902c0,3808,5.155416417213564,3.7942752100840837,-1.1096848739500584,0.0
8cc21f01,4044,5.154990126777748,4.611510282796358,-1.1327506164791739,0.75
d217e0c5,3838,5.141281118618368,4.3836575095993355,2.8270237641898786,0.5
29de15c8,3431,5.120655954940036,4.405262759460457,4.370809055543027,1.0
9dfff011,4319,5.11380472884269,4.327092826227631,2.609833261611869,1.0
ea41324e,5025,5.103949281236693,3.919700236488785,2.258335763065133,0.5
d7ba4f9d,6023,5.098116159708834,4.658827826664405,3.741145608500678,0.0
d50c649a,4873,5.097605317756859,3.96388362616193,-2.8372682377580465,1.0
4463446c,3256,5.0943309594443855,4.333120393115396,1.3610810814370544,0.0
ee4aecac,5265,5.090126039569592,3.885654610329847,-1.257532622005126,0.75
ab6fe95d,5491,5.068277726891968,4.122161658387476,2.8978522887495526,0.75
08fecf00,5574,5.035660900827521,3.984261444723622,2.798420929332785,1.0
1590af81,3799,5.005953553022678,4.270477025599165,-0.6450235725259115,1.0
05948241,3879,4.995769989509691,4.229989688063631,3.152897654033911,0.0
7224331b,6063,4.940389762678457,4.13750927297322,2.244475604961054,1.0
999daf80,3564,4.915589951054623,3.9983219073153244,-3.357206704546129,1.0
65156b96,3221,4.877417175965467,3.508337308257345,0.5575635771731573,1.0
944f36b9,4630,4.86802895586009,4.039666856439582,-2.634028668201188,1.0
5254b6db,3274,4.863363632173534,4.423474978905018,-4.415127645004494,1.0
c9e980e8,4359,4.85800678870676,4.055201597970439,-3.762645129978087,0.75
aaeffccb,2712,4.756126793123975,4.303926991150472,1.8971792035399,0.0
591cc951,4609,4.751050060964883,3.5454162655663866,-0.6753912065415635,0.75
10a1281a,5609,4.746775561665265,4.009421313986921,-3.8513860663517967,1.0
84633df4,4972,4.736172446701271,4.298390989541605,-0.5662831858413836,0.0
7271dd80,4340,4.72549017886024,3.6687570413634156,3.507444583142211,1.0
f8f59188,4807,4.704868152672336,3.8827963574183784,1.9517565154177545,0.75
9f0c7bae,2542,4.690515966980398,3.620097631648899,1.3845870223119294,0.75
4a035ec2,2588,4.671296886717222,4.085030911691588,2.222812982716125,0.0
9c211c53,7265,4.664949414959964,3.921664848031816,-0.9914918895225279,1.0
ef04658e,4104,4.650533863739775,4.033419628885146,-2.0642775051160216,0.5
ce8399b7,1615,4.5872367125053914,3.9029094249649505,-1.8229178305806226,0.5
811f52b3,4836,4.580006873942238,3.718360950778646,-3.0919848366604215,1.0
5cb483ac,3852,4.553775811331424,3.600436646122218,0.17834836035028515,1.0
28473855,4290,4.546502439117813,3.5950116550115228,0.19152447552396615,0.0
e149204f,6097,4.546152895643239,3.7537510250942185,-0.3517598819086133,0.0
be35c8f2,4226,4.530688285065769,4.061123794300988,-1.0474519187294318,1.0
398dce4b,3166,4.524488065819956,3.1020850902999055,1.0419202604919318,0.5
ebe69318,4976,4.514142656093942,3.6046747899418268,2.347748564630677,1.0
96936c22,3346,4.502422004547714,3.4587935711943194,-1.0037557291226993,1.0
23b9beb0,7340,4.470087083513919,3.058963121205397,0.047774299921496885,0.75
d40f61d5,4039,4.454769095916646,4.0143839364755545,2.732539472667321,1.0
44441e54,4357,4.418474346755616,3.513033859019649,2.0449865067275876,1.0
82fcf37c,6014,4.394907581890615,3.7803134024611733,-0.49744387857524563,1.0
3df4b19e,4988,4.382999702503403,3.6467961736902654,0.5400829528558456,0.75
992c99e8,4904,4.316285253421631,3.4685709048652096,-2.999763280533599,0.75
dbee6c86,7369,4.264800190662566,3.6512838020471734,2.139795463249892,0.5
4ddde4c1,4472,4.258680219456208,3.635559057314674,1.048951526636102,1.0
357c12f9,4079,4.242305131709559,3.547194920722439,1.1569966184895062,0.75
f2d4c8c9,6249,4.225202954662281,3.3343427539685093,-0.33005361117469584,1.0
2e29e833,5428,4.197487065876426,3.406448825787914,-0.9778570277493605,1.0
b4f37e6e,2992,4.159082729410888,3.212793857422881,-0.04888763197063392,0.25
af7a59ce,3024,4.115059728297358,3.630777116401536,3.4569146825388684,0.0
c07fd0cd,4191,4.052934357090802,2.966039131472158,0.8106346933905809,0.0
4c3168cf,4334,4.013846992222324,3.436165673098299,-2.796940137841493,1.0
177622d7,3154,3.997166726064222,3.2688422213798862,-0.18695657925501025,0.5
a15bc102,3236,3.9937204427247908,3.1283823556685024,-3.1101668361513055,1.0
fd710aea,4217,3.9590854706362664,3.400303219173068,1.150697011755378,0.75
d24ff243,5641,3.9310327749974197,3.277612791905624,1.1471180236910654,1.0
da940160,5132,3.8616148958853813,2.6437703157261563,-1.77410401623616,0.75
63559d57,4069,3.8290955377862765,3.207060963541203,-1.7118970724555387,1.0
d0a43760,4041,3.7871125428579258,3.2947289120131207,-1.8184584769276217,1.0
153552f5,4695,3.7770418910483095,2.9762413936157914,1.6538662001821196,1.0
992ce078,2879,3.763235850378304,2.835661313148158,2.3573622888024226,1.0
373ef48b,3509,3.760332366648118,2.897624139080871,-0.8102342011509092,1.0
e161bd0c,2949,3.7166977778256083,3.066481841744912,0.41991320427246653,1.0
9e3e364d,4290,3.681175448209402,2.870968509770131,1.5935593679387547,1.0
b7cdcecb,6168,3.679287785804288,2.837114172337362,-0.5263038976050715,1.0
be83e781,3221,3.6736943079987827,2.530631640436805,1.2251076749858165,1.0
a783cc24,1889,3.639658977976189,1.9861293924205041,1.151244713197655,0.25
d07aed8f,2957,3.6136289267489388,3.1499699880507053,-0.5583277418289362,0.75
3d96d897,5659,3.6092906343486293,3.0360540731580206,1.6721982682457857,0.0
5bd25f59,4210,3.5294235096170694,2.480355502924969,1.7332749890894974,1.0
eb934281,5971,3.469882403474735,3.11476525414219,0.91914716946173,1.0
dd168de0,3304,3.4091744079705664,2.4006011269495766,-0.9004239221734245,1.0
71ccf778,2698,3.401886331904766,2.8325403075974185,0.7477774417627557,0.75
8b95d6d1,1731,3.3719133295403436,2.678070813658938,-0.01919690871020128,0.5
2f8e53c3,2594,3.293055138227308,2.388037779490768,1.694406322281439,0.0
d273674e,3899,3.2273243271409084,2.5338007372185225,0.32574808709213465,1.0
39b51819,4231,3.160351282946552,2.88449066414528,-2.1916520917036535,0.0
13ce113d,2966,3.1585764136505663,2.6911930622368145,0.376852766890734,1.0
2b06ad65,4256,3.1548265887922478,2.848107732238282,-1.972479002413479,1.0
a76db406,4672,3.0645111828049547,2.1931845636655436,-2.071258650313827,1.0
bb2cdd83,3825,3.017674077265869,2.50177516339901,0.41030849673347236,0.0
fcfcc902,2791,2.9632756555305813,2.5188220605140375,1.3440185342008324,0.5
f16e25e3,4651,2.8542790292512032,2.4038746523070538,-0.7653776805536666,1.0
aee6393a,5865,2.8071727525614985,2.34858724713657,0.4805671891956622,0.75
fdfd57da,5236,2.7990009922013663,2.3744231854030553,0.10487630074278692,1.0
25fd32b3,2885,2.6705775337010453,2.4518988260102645,-2.4514356584332133,1.0
61f27424,6220,2.661269042865144,2.131965999503944,-0.34901036027434107,0.5
41fb0192,2973,2.5635297754715105,2.242993909365687,-0.5180543636252287,1.0
fba7683c,407,2.555309739035002,2.072039312039204,1.1741523341520774,0.0
10be2420,3271,2.535880073253464,2.1156573528313745,-0.7730031773305712,0.25
1f9afacb,5328,2.518404175433652,1.7478885135136641,-1.538534159159418,0.0
da2d4d7c,2114,2.4863617512421787,2.0288886289612718,0.5601922207244111,1.0
2ab29395,1852,2.45945596628769,1.981587473002184,1.8494168466522947,0.0
653612bc,4605,2.4204903173658545,1.899354164472195,-0.9093958911545623,0.75
8a9c8932,4663,2.3969295087935425,1.7241089427405907,-0.9428779755515618,0.0
dd64382d,3124,2.325048435707476,1.7627111244819669,-0.05272911988480358,0.75
347242c8,3595,2.301600495238957,1.659801238741115,-0.490133856992768,1.0
2f19d536,3088,2.2279305249874044,1.7866253922421866,1.436995589965263,0.75
404c4384,911,2.1246879256476343,1.937860194970754,0.9757403547563688,1.0
b85f7b06,3803,2.0496072617879815,1.5383299545958975,-0.7927333372443068,0.75
c472c0b5,3054,1.9712909707094164,1.7817306934858745,-0.5434975469069296,0.75
511e1db0,3821,1.9337295072058913,1.6025017899745313,-0.5109561702660022,1.0
fb0904bd,3181,1.7987576836953807,1.2877459918266771,1.2826532536940234,0.0
ed6436d6,2945,1.5077829233851048,1.3369317995091616,-0.8932103309193268,1.0
89fdb2f2,2031,1.43570685085388,1.1283036406818876,-0.22179086586112534,0.5
a9c9b150,3986,1.0988555117938947,0.8217944578881572,-0.02099880974021049,0.5
283269ac,2626,0.9829270768305037,0.8793115448235,-0.13275391371261094,0.25
