well,rows,rmse_before,rmse_after,mae_before,mae_after
f6d009f4,6715.0,25.365240463720685,1195.2656259983696,22.282737311293847,1003.1941099089607
25050f63,6124.0,14.87659418817483,959.3550112163739,13.173848404613748,792.0439409992309
a959858c,4404.0,34.61564570986144,656.6144261636938,31.62818486971222,587.2061806672594
884ecb5f,6724.0,22.346839989511697,109.45832658149149,20.37409006868339,81.35283023716919
fb03ae90,6431.0,38.401169860304705,101.1841407997916,37.10797254354589,75.6604355363573
684a6fc1,9818.0,15.243796792665833,85.2876458734453,13.431586801843343,55.11957553383166
57f05c51,4771.0,40.471197981743,84.76044332952974,35.718210543315635,64.86770637623214
7271dd80,4340.0,4.725490178860236,78.88086052712464,3.6687570413634094,49.289565787720214
521a7819,5200.0,30.23071274318831,76.63053069538071,27.96908385817407,57.11063628201843
7c607683,5328.0,13.137686850761739,70.63791098140445,12.427436714110906,44.78165494786356
b95e7121,6306.0,8.912828280450896,70.29798272354924,6.885092848422915,41.11985546942182
1b1eba53,4655.0,69.35344241005299,69.35343846798925,65.04189446062291,65.04190772187405
466fc788,6197.0,20.62575983358516,65.75621798153003,17.481047566083532,43.1428252919163
86454a6f,7964.0,64.34027269156081,64.34039946124842,60.21490384846921,60.215055400443404
5f4d2a52,5225.0,59.49182238446867,59.49182319064693,49.52150954717825,49.5214940305175
2fd68f7b,4730.0,58.81381955516372,58.813819873079204,54.582394879968405,54.58239547528109
eba6605e,4410.0,9.150486932665395,57.75200851337427,7.848912254860099,35.436066332877104
57796579,5890.0,18.18033786083998,54.23025690754325,15.255049498092363,34.718149360631884
ba48188d,4166.0,52.95960132369875,52.95965070165235,41.623755492533576,41.62364373157051
d085e611,6191.0,10.085599752166624,52.425201847851795,7.903873546177468,33.89112678820108
f88ddb26,4990.0,51.89767119442239,51.8957994220112,47.173353263844184,47.17159741677582
5305524b,4898.0,12.639114381732073,51.72550630497379,11.359602226300073,33.6901400036516
ea3a0e38,10052.0,6.938324202751049,50.27228321328953,5.85257305799477,29.901761033115466
fef8af96,3826.0,48.177316602014336,48.17738903940665,40.38182319612273,40.38187380298441
43e16325,3720.0,44.289604761289546,44.28965355646742,36.61120030443395,36.61123823281718
c8d9680c,6281.0,42.818600833773786,42.81861279473358,39.65169995013807,39.651720996211886
7e721392,6174.0,42.02561314070433,42.02544225608572,39.84078679874903,39.840621828909114
389ae58f,6463.0,44.07457004702614,40.14921029124587,42.62099781202753,37.9160121772427
445af6c2,6041.0,36.555802721225376,40.11218811348073,32.739647744190435,35.02885999763786
94d813a4,4847.0,39.89055006197875,39.891062836559634,33.06109831139128,33.06166853919985
708caea9,6548.0,38.14742118622786,38.14757592125444,35.763791737552204,35.76392273948712
91db7070,4073.0,37.2725494591779,37.272526447464905,31.671192405831334,31.671214483514266
206b6193,6535.0,35.79708369041987,35.79723859587622,31.775091747608563,31.775356727353795
91b301ce,6570.0,35.44789282080843,35.44791641654803,22.790202887387697,22.790189733096007
4c2208f5,5384.0,35.11863722709825,35.11863202429134,33.12868544441118,33.12867423986237
3417285d,5449.0,35.023205384967184,35.022907626203136,33.308873609614636,33.30854077340784
4f3eb9e9,4697.0,34.63572453145633,34.635778797601304,26.38243171971592,26.38248714342824
03a935ae,2786.0,34.411998035015976,34.41197574461063,30.439853608697366,30.439825468760837
da3bfe4e,5549.0,33.77152387972144,33.771597986144215,30.736787112556684,30.736873034180828
8382f4b6,4967.0,33.489824840864415,33.48981017941996,30.603939987639073,30.60393781970125
6d6d93af,3595.0,33.136032252627,33.13602651106388,29.5957319826749,29.59573574984975
8f201368,6349.0,31.882657008508996,33.099278973772456,30.32747118235281,31.271185195682296
ff0aea78,3261.0,32.697694712425466,32.69772129268889,30.755307007561335,30.755324392756336
9d5e14d4,5400.0,32.00548564317395,32.00534713837989,29.810867096607435,29.810729891448265
d924e971,3184.0,31.349789084024774,31.34933517619327,24.3342322111075,24.33379892477657
81bf5923,4543.0,31.34032020620777,31.340320878025064,27.020514652505682,27.02052737555985
9a95e33f,6447.0,31.015251089203367,31.015219929718132,28.988340188009868,28.988305315339947
cf50c9d1,4858.0,30.62304196790374,30.623131671580975,29.212325910494744,29.212398869707535
ab112491,5185.0,29.98324854022058,29.983521080400394,26.309152540340754,26.3094125669915
d7eb0be8,5401.0,29.610750723154467,29.610754135156736,24.68890030672752,24.68892105325499
89f1085d,5994.0,29.350743698417652,29.35070241197124,28.131552608725492,28.131515267555635
896d15b9,4279.0,29.17409161682599,29.17413231341169,24.34185743800705,24.34191569236985
fbd68d27,6829.0,28.77799286145607,28.899471832753967,26.25498319477039,26.35364966491999
35b30c7f,9579.0,28.667200991466864,28.667410059351734,26.72904280511622,26.729261907356584
cc8a1d57,6638.0,28.080447818774253,28.080494088018334,25.529931432471894,25.529949627986536
95c8427f,6335.0,27.879458470318625,27.879285169744016,26.403008276666874,26.402767700889747
ad2133a8,5729.0,27.75421014733878,27.754141241461916,24.96496645252391,24.964911760070247
d9eca87b,6373.0,27.326205578201165,27.3262003646436,22.67959183703026,22.679579172322054
fd8f77fa,5272.0,27.233588936066763,27.23359297356052,25.244103952342847,25.24410964723044
a783cc24,1889.0,26.888970584313036,26.888928744383186,22.334557624977617,22.33450304572301
42c538a1,3279.0,26.8743429365613,26.87434810905563,23.847543651555014,23.847526285971927
efe96181,4012.0,26.674747674186893,26.67389808164728,26.0612848029472,26.060430368058466
8bfa881d,4089.0,26.495123002323794,26.49519793651251,21.028082580960263,21.028178008593933
ee288beb,4638.0,26.413054135721406,26.41306400221824,23.19225283015725,23.192250188638653
fa16d114,5686.0,25.204815326232314,25.204908294099695,21.686532992856563,21.686645882072618
3f603129,5051.0,25.06914208515057,25.0691270530123,22.1899984124656,22.18997786435751
55efee7f,4801.0,24.964850402000405,24.964854750879265,21.33967379718788,21.339627743213068
35b3ef6a,3904.0,24.92837853939754,24.92838708495699,23.21943700698903,23.2194402762964
c1708b88,6315.0,24.802625466457684,24.802605175845127,21.46348888710656,21.463465414614713
b37fd114,8161.0,24.636351559793155,24.636575286515303,21.96660873392566,21.966767882504154
5aa403d0,3118.0,25.281402239713792,24.607882469058655,24.032366752011615,23.34996018248657
ab18d3fc,5694.0,23.414298195614936,24.564779281967756,20.088716536001662,20.720930294241413
8255c867,3589.0,24.42968321124718,24.429764829336875,22.616141188585,22.616247304270228
137d1e44,4554.0,24.376318648668637,24.376322601898703,20.571695270157196,20.57168802334528
d90aa14c,10018.0,15.128847992042212,24.348547083744364,13.35881718784443,19.59392224612677
197f8a5a,6310.0,24.339350219200856,24.33961654746766,21.460232368224787,21.460463474935718
276b012a,4837.0,24.2503038610795,24.250317881341765,21.685800080463714,21.685801358167993
ee0300f7,4544.0,24.056262194706044,24.056449283718454,23.191019003161582,23.1912568097979
2bff06cf,7624.0,24.79679602425765,23.777722278966976,22.949736580871875,21.512775089639582
37d36812,4367.0,23.763666684032323,23.764286626814265,21.5710228860249,21.571715848503022
230eaaa3,4690.0,23.687315327915414,23.687302782279986,19.705074787406552,19.70507445451508
c593337f,5208.0,23.43328450122316,23.43332941312286,18.43499599792354,18.434969591322652
493b5b31,4671.0,23.365710453912993,23.365819162824177,20.865156305619998,20.86524010203177
45fb3e21,3649.0,23.274753252793676,23.27481777094976,18.183646691295166,18.18370297976849
155887bb,5585.0,15.790870795285697,23.207280904767508,13.96004476422491,17.58305489238601
bd2c2f34,9823.0,7.995464242080685,23.127547409675632,7.098807056449974,15.231297191709105
32fe84c9,6408.0,23.033329832797076,23.033312801954473,21.07596528201871,21.075966659270488
82aab6d2,6140.0,14.643654264953435,22.93921377609006,12.603120003372167,19.181499279447507
1550491d,4563.0,22.689256635006473,22.688279949618956,21.59724397876429,21.59643731912602
261785ee,3646.0,22.547956905103714,22.548093003469642,20.12130419169524,20.121470455661644
3407f5bf,3638.0,22.30274166528433,22.30288766724149,14.464904948818349,14.464994512504118
14fee784,4910.0,22.161680649512782,22.161609883802665,18.92999290441244,18.930003327753255
56b00794,6065.0,22.137928469110538,22.137919854716447,20.452631507189135,20.452606030530983
8a89da23,3935.0,22.035864137921344,22.036124927663703,21.002032843696806,21.00232130527673
ae8959c3,4518.0,21.94852935346784,21.94882302125566,19.82602733399139,19.826315249333494
44a94013,4903.0,21.891236293850874,21.89081703899938,19.383224341198726,19.382813946352815
46d24a09,4449.0,21.889353657878647,21.889357910190643,19.38826174930066,19.38826885996031
93f5d2e6,3691.0,21.86311310964936,21.863024889234136,14.705314225519663,14.705173799601308
c66be2b8,4154.0,21.847003445752872,21.847312527213372,16.268060853571278,16.26829280673932
b977be4a,5917.0,21.76514876877056,21.765148416373705,20.293044539917414,20.293059994657884
26623a50,5735.0,21.613007641693823,21.612913634168148,20.105568727182444,20.10549601109637
a08d9e63,3685.0,21.45382322290374,21.454251047466943,18.472817510889154,18.473273094034795
c47e0767,4356.0,21.415129329943355,21.415119103401963,19.186232219437105,19.186197630251563
f6824bb0,5015.0,21.343201739058706,21.343382567393405,18.81741600574574,18.817595357456312
99529c45,5840.0,21.180906254851646,21.18090436612991,19.772217877152016,19.77221502873655
5a63b5d1,6217.0,20.96900060500993,20.968942868332352,19.10690712650553,19.106902041077895
015fe0d2,4296.0,20.962749023441244,20.962730530336295,18.09595792145738,18.0959332377122
8995c945,6724.0,20.888857648873326,20.88883089459876,17.937241783250972,17.937214830732692
460f859e,3336.0,20.879231401997384,20.879283097568248,17.83504534973631,17.835027750079004
d0cb63ae,5223.0,20.840486144511683,20.840541448475317,17.568953836199416,17.569031511918883
cbe62450,6258.0,20.82713119843106,20.827129731155573,18.055709407039284,18.055704655538687
42669188,4282.0,20.759559331833987,20.759450664749078,19.156641160301454,19.156572046306916
11d0f5ac,4883.0,20.75681701540438,20.75704734555815,17.901578857923322,17.901724326716245
60e37807,2699.0,20.60798605275275,20.607967594361405,14.81777424913342,14.817719215472037
ac6f01d5,5004.0,20.561377448967598,20.562049093330113,18.300834427645796,18.30133816557332
27c3155b,4958.0,20.532546096925202,20.53237383999765,19.43184569275333,19.431641809679682
1b1c5372,4261.0,20.488525798030032,20.488433757715196,15.777453035709415,15.777473965242386
4a035ec2,2588.0,20.477776128525907,20.47769524427221,17.154559298835192,17.154480999231374
e5864244,4469.0,20.333650981968525,20.31865346664929,19.382377420159273,19.374428805159308
c03fba65,3699.0,20.24767722340373,20.247665356839544,18.346226776434982,18.34620761426673
2075c696,3188.0,20.16404500794981,20.1642374837675,17.143677269755166,17.14384861745011
729f4217,6195.0,20.060412650224688,20.060282615639455,19.25051435600661,19.25039019258383
bf70b410,6347.0,20.058874316228497,20.058867717532987,14.3930681413384,14.39298984001832
bb337fa0,6873.0,20.01948152389637,20.019487111323766,18.04201228217541,18.042017755742144
c59b6c4a,5499.0,19.887483866640867,19.887494169672458,17.48994542265572,17.489915137273275
2fa01aa6,2174.0,19.81211027021098,19.812023110903407,16.404065309418385,16.40400633200649
a48640d9,4532.0,19.80828217419538,19.80838395773668,19.180108008794583,19.180204785676935
95b559e7,2887.0,19.77294563203413,19.77363172041452,18.73711786375145,18.737722293712228
df73b8f3,5311.0,19.45237551989541,19.452228381305414,13.500291385376357,13.500195829134102
53134831,5126.0,19.421918737878247,19.421904493680234,18.683862244740855,18.683872012491047
84c3b497,5312.0,19.37029925549717,19.370438414700647,13.693947244403065,13.694010272255639
5a1a8fd8,5260.0,19.303647622472898,19.30365174505489,17.87339760023735,17.87338450014012
bb682ebd,4139.0,19.296520061415617,19.296520881551217,16.91106780102079,16.911079449381173
46dfcfca,3606.0,19.26678807223542,19.26628449349986,18.489133257097905,18.48857673615654
14a53cb3,6919.0,12.332865547715832,19.25402781710463,10.979946114491412,14.137553140546153
504c8b08,6367.0,19.225015832914856,19.225005381633576,18.619170812923333,18.619176116376963
48c1f673,2917.0,19.152624833414475,19.152660352574816,16.89512112630099,16.895109222429543
4a335117,5015.0,20.802695288090213,19.135263191193093,18.268292243398335,16.107131662906397
5cdd8dbc,4010.0,19.10888157093525,19.10890193093539,14.504322985853568,14.504333783804636
30d75030,3404.0,19.075494327365902,19.075644914215555,14.623163947234177,14.62314041690666
e45a2a62,5007.0,19.063202832525903,19.063319635417113,15.709102053502262,15.70918416846312
543198e8,6503.0,18.980853642703085,18.980778467408598,14.851826654117692,14.85178885511419
9896fc0b,3595.0,18.80090179787268,18.800947778918502,12.59047166381176,12.590371850400121
d63196fe,4510.0,18.75613765098532,18.756134115972692,17.38311369287325,17.383118262381707
939d9c34,5101.0,18.711967427526616,18.711935765715957,14.100868008799628,14.100834434666242
d84b621b,3994.0,18.70763493587115,18.707626885325823,18.032776670389524,18.0327832055839
577eec7c,4539.0,18.691854287692635,18.691809711947567,15.434076929010079,15.434015269392566
f5859199,5790.0,18.6165347650802,18.616954131393136,17.244780743412115,17.245245244573763
05a0ee4d,4348.0,18.580371858581753,18.580397318012565,13.433625273763095,13.433620830261646
125be846,6510.0,18.516002810348194,18.515962399653002,17.503322530981137,17.503302782168408
9d4272e3,4030.0,18.511240379790397,18.511384808638145,17.066769376046206,17.066937200165587
2ac7cb6b,4990.0,18.48982135817194,18.489969088960198,14.32682287093005,14.326849764640079
5fb1c15f,2860.0,18.47908506888129,18.479140834215627,17.183680569149455,17.183747915379485
368131f9,4991.0,18.40794817024928,18.407900558576284,15.207826191674572,15.207796060360181
4f69febf,5460.0,18.398302439956765,18.398258930326815,16.883953359218957,16.88382707786483
a8ed028a,5538.0,18.316697381653054,18.316714295524413,16.772452435914214,16.77247726897145
5beded95,3057.0,18.19514657549451,18.195039109501653,16.845932219158012,16.845883600966648
ecdab904,6147.0,18.158203683772435,18.158499531824468,16.68693019676652,16.687228886086885
ecdaf714,6592.0,18.126343461543915,18.12634203570259,15.234193829523782,15.234204355013151
84815d5a,3647.0,18.019482796739617,18.01968630961884,16.155014543522913,16.1552113117455
3a0af893,2927.0,18.011106500321112,18.010766930721385,15.045948717770761,15.045649321084078
ef8e3ed0,5224.0,17.98359412290126,17.983452209626115,16.379268611157073,16.37911369519661
27300fd5,5467.0,17.904891790033403,17.904931881990052,16.89693947930876,16.897000919286242
b4d8dd4f,4259.0,17.644297039262927,17.644300641529593,13.866998313861307,13.867015868610391
75d20a82,5067.0,17.567683119149574,17.56793043426312,15.165251113778325,15.165386626099338
df71d1ff,6228.0,17.497653216527695,17.49766148206994,14.133591237841813,14.133592051569105
e201fd6d,5070.0,17.444213810356302,17.44414328021364,13.737870112470302,13.73784745453887
d2f3b1ab,5581.0,17.230732568184305,17.23074661771898,15.469398801174906,15.469409657226926
96ae5806,9839.0,17.230502671838234,17.230499582657014,14.933667980101443,14.933647809301693
8612b37f,5165.0,17.23053706505419,17.23018076988772,12.760077011472841,12.759759207788166
3e011332,2723.0,17.213601579089318,17.213596739051987,12.621969126696195,12.62199763867041
bcebcc5f,6258.0,18.5434892786222,17.198746392207703,16.855694128908027,15.173001756990537
8ac2f237,5319.0,17.089071893363478,17.089002175351737,12.506075606520215,12.505925049775566
a0383629,5832.0,14.256119265609284,17.01749830228637,13.225766699562495,15.274624155035179
15e154a1,6068.0,16.77636493681392,16.948732744918097,14.894921925201581,14.809759653283816
2364716c,4316.0,16.898625208982967,16.899217426724896,15.553627915673369,15.554254598951772
7d50373e,5122.0,16.89379806977744,16.893249691985815,16.262263943790074,16.261714199964388
b881d27e,4009.0,16.892125499393284,16.891966611594583,16.227706257656575,16.227510952803954
cad13e8f,4848.0,16.859948609966306,16.859950427103797,16.066634849295724,16.06663549625095
9af1ffd0,3525.0,16.777566735763592,16.777404254499928,11.359239499857658,11.358973166692147
46a301e9,8226.0,16.76797666713017,16.76797663684907,15.728239129446157,15.728251873292148
0849b4e2,5537.0,16.66460567646487,16.664430620128897,11.066023122257045,11.065910308675997
9dede370,6297.0,16.644281007977213,16.64421498541189,13.992492878772351,13.992418258639775
4c3df468,5392.0,16.591326415462888,16.59121582628324,14.119880580151959,14.119873791291882
173ed841,4883.0,16.58169646699378,16.581575608908604,14.135229149512499,14.135202126705385
0dc5e64d,4879.0,16.531448395679895,16.53139355793343,12.464476781930593,12.464328285876734
d41beaf2,4753.0,16.51497719814086,16.514768605906063,14.506305486543566,14.506189485344162
529e88ca,3417.0,16.514143556018464,16.51405593973992,13.849377006478123,13.849174019543437
58850d2c,4995.0,16.49126514342902,16.490911416506272,15.764327958082324,15.764026387524444
d5df0ff5,4032.0,16.476753731088504,16.476215998979356,15.596749107139567,15.59615337322447
1a68190b,4474.0,16.37141139706156,16.371440540767374,13.556011312180265,13.556046088803438
a612d5a0,5329.0,16.325835542737796,16.325827957867748,15.343507434502055,15.343501660484144
5663b2b7,4972.0,16.31878960883938,16.318643232970796,13.612685800551283,13.6125899237651
b0d42b0d,4971.0,16.22411676438825,16.22411044093627,14.709037841422708,14.709033351815535
5b7b6324,6564.0,16.021381050218938,16.021423113881166,12.557599846303685,12.557688834738435
6a0ff78e,6465.0,16.015640230031284,16.015662667001976,13.603690343339748,13.603714254098325
4463446c,3256.0,15.953064263532486,15.953110070145765,12.779587848523587,12.779633352241547
2e63d9de,4699.0,15.915529726758264,15.91554912443729,13.551937154775374,13.551954582355595
14ab73fb,3649.0,15.865441681355692,15.865476605520884,14.227484523844105,14.2275472883317
a7fc3e6b,4764.0,15.849637955727134,15.849558909238588,12.832062979425151,12.83193538210156
09441b8d,5488.0,15.785095525200168,15.785019031278008,12.529152343066796,12.52905514831082
8cc800b3,6576.0,15.785271745313601,15.785001028261751,14.824799852079472,14.82459554676071
df8290be,3972.0,14.654068876143505,15.756492338623813,12.44428018720401,13.150797415448661
a0b83014,5035.0,15.740593333381693,15.741084531034472,14.320553427695131,14.321050135274746
a3f71395,5543.0,15.677537112728317,15.677372641961435,13.970914287572274,13.970691662706118
da3cf798,5844.0,15.677147019828167,15.677269995198204,14.415541181605395,14.41569913142556
43c7f85a,5978.0,15.533622071413633,15.533281661452,13.262938407807814,13.262605462091356
54753541,4026.0,15.53301405699908,15.532892863715887,11.591675161777573,11.591479039159234
bd4ae5da,5006.0,15.519917579216044,15.519917830616667,14.475943800698047,14.475946661766057
2043abc5,6958.0,15.485870935032718,15.485867516819408,13.059774327996953,13.059750256982738
ec0d597b,4616.0,15.480664625344989,15.480951836361475,10.631361755191593,10.631744759399666
38991fd4,4798.0,15.331669127958273,15.331734593854192,13.550256742199473,13.550383579144063
81fc01c6,5909.0,15.32058454727213,15.320575354903747,10.573136019383766,10.573099544262552
739a914f,5505.0,15.317958223417428,15.317892027990966,12.531257368890406,12.531109100491365
aaaf3c03,2997.0,15.305212817506652,15.305329801762916,13.485476178839125,13.485552976564232
9426ec1e,2532.0,15.203103904699848,15.203242475435061,13.404350315871465,13.404517806568762
98bc6f66,6063.0,15.119611640712245,15.119523994555124,13.92830976336001,13.928241686833275
b3388334,6080.0,15.115613379622634,15.115602451366541,13.297488166348108,13.297485590070767
8b12bab6,5234.0,15.074419112570144,15.074649302662023,11.635647036329257,11.63576051432121
f140c2fa,4082.0,15.024961552098546,15.024999534189254,13.435119174843551,13.435128691015159
e03b45fd,5342.0,14.978709262777176,14.978737865527098,11.734263012057918,11.734264650256206
0bbf5e67,4298.0,15.846874951769026,14.96030939738571,14.72075356880958,13.750174167902287
8b95d6d1,1731.0,14.931803964899864,14.931765619786923,13.973402830906966,13.973381902759002
7bb17b96,3922.0,14.91697858593633,14.917045409629832,12.73404649638369,12.734120356240389
656a067b,3051.0,14.812201872198845,14.812191858746571,13.344635916012743,13.344630741825725
77e4821c,5393.0,14.80445777594092,14.804725231938606,12.224325096102433,12.224485289070737
85380836,6618.0,14.79452216822131,14.794536137778223,13.228505480614894,13.228521711646042
6767c111,6783.0,14.792895523059432,14.79279536516228,12.485534973773843,12.485401181580857
7ff89f8f,7337.0,14.736299844033013,14.73637487936034,12.011005699395202,12.011042402901928
4b831d20,7312.0,14.732921362968433,14.732916351526288,12.331001832297058,12.331004715599388
f4d12d23,3701.0,14.729502872773066,14.729052624905881,13.533295586791057,13.53288944860282
3aaa2b30,4711.0,14.70855160579338,14.708405053326754,13.190214357300343,13.190022271587337
ce55ba43,4104.0,14.685848572425108,14.685863345209704,12.621097447503411,12.621114854961828
4fbe9c06,6287.0,14.677577900479136,14.677492439573966,11.383768236588669,11.383584037568562
67a8da4a,4911.0,14.606671997959797,14.60667865388939,12.64066146719371,12.640671717786903
071d7b45,3211.0,14.543294838930146,14.543224231361478,13.692497707211052,13.692398119329404
f49fdea3,5391.0,14.49555074529434,14.495553319469188,13.543817082417668,13.543821545542697
a87433c9,5721.0,14.481573849839297,14.481477455153415,13.263925340594223,13.263826439825962
633774dc,6233.0,14.428603626787737,14.428640159963422,12.789041692604,12.789067645207133
9df1b1f9,4701.0,14.399969312009029,14.40011399738454,13.762292974069503,13.762465990159873
6d1d74e1,5830.0,14.394316878619625,14.39425008642633,11.209768975134246,11.20971499235909
9c350a6a,6052.0,14.392809954810676,14.39301049723014,11.779295772876932,11.77938458487074
1b08ed48,5618.0,14.233268046106769,14.233102096879376,13.22555196002394,13.225490921538157
481de5fc,5952.0,14.16574635125323,14.165686792322855,12.718380616888663,12.718310681798064
8d5d46d7,5755.0,14.149709034131947,14.149604691865347,12.901076866916476,12.901002394933926
f321a31c,5141.0,14.147705490841831,14.147830921441738,11.385257455120248,11.38529335928142
febb4411,4247.0,14.09907896919744,14.09897290218126,12.298265953454774,12.298182139581897
00bbac68,6014.0,14.064816035321359,14.064747773731737,10.658489434579634,10.658606626212467
fde20ecf,4667.0,14.010770300759031,14.010779871233996,12.824123635124131,12.824183987691377
19137a89,6267.0,13.994762910914645,13.994283233461527,11.69920691289018,11.698927405779237
3a7dd95d,3072.0,13.972425597391577,13.972501161316574,11.553385765445038,11.553355650085011
47222616,4406.0,13.969142290137727,13.969166381856663,11.290870382667093,11.290881981867155
16e4a047,4131.0,13.968295301306785,13.968526571367228,13.569229787893267,13.569471008443303
8b5be31b,5672.0,13.929321131634063,13.929426025029075,11.833009229329624,11.833074602758794
c3957531,5316.0,13.898317788699554,13.898305968303774,10.902556789165038,10.902528352640196
ef04658e,4104.0,13.89418767216226,13.894276346110448,11.605308357411978,11.605353423067358
a5aa7973,4616.0,13.884387600814213,13.884368129486548,11.910772405574434,11.910681259978537
bc4381e2,4955.0,13.869935536586556,13.869973387414486,12.929469672796014,12.92951562567473
201661b5,5955.0,13.867599527482339,13.868102789666436,11.87750710874938,11.878183774752511
77b0d905,4174.0,13.809265882984596,13.809274403097604,13.334783671834844,13.334801785406418
10b89021,5414.0,13.806664331565049,13.806897495300156,13.106681867009065,13.106920143857494
8bda1a11,5981.0,13.782798106952912,13.782923274884292,11.031151726984845,11.031223075417053
add9c322,3932.0,13.693357794429758,13.693340214330801,12.896137248957562,12.896118613017038
1a730ac2,4605.0,13.671420935247896,13.671467749609706,11.796621660883405,11.796691298719328
f5d8aab6,4444.0,13.54130996728137,13.541297350608746,12.710624467142203,12.71061991233825
3932faa6,5452.0,13.538497977362109,13.53848231109064,10.236181419614862,10.236168926417925
2d0c268a,4550.0,13.537841844228733,13.536004835095437,10.858970666429489,10.857470330381183
1beca81d,5036.0,13.514166888051752,13.514184116970249,9.945696559041714,9.94570800392459
9da441ba,5783.0,13.490451926378181,13.490420553106212,11.664604562369787,11.664582734235676
368fe682,4936.0,13.486822512429647,13.48686511857913,11.689858361424768,11.689755053375332
b5aa9634,7326.0,13.48451185617405,13.484546459030156,10.401006156538934,10.401009407782597
e3b34f5b,5455.0,13.414892069635002,13.414842700137587,11.356044946947938,11.35600355650756
5567d551,6889.0,13.413747598927774,13.413531520649334,10.942524879227133,10.942337995852471
79507629,5302.0,13.390396090971961,13.389727580857443,12.192535567922722,12.19187393507956
67847288,7429.0,13.368028792573003,13.367994577329846,12.192432508020545,12.192396124769271
ae069086,4770.0,13.341502078156338,13.341412880014921,9.750073959143386,9.750032349250159
7acda2df,3091.0,13.327272772512796,13.327295301253928,11.242262054765172,11.24226589398374
7d57c75d,4405.0,13.270541585086827,13.271146951673781,9.2291866832475,9.229736373589244
a692b17e,3566.0,13.256017451722078,13.256103210270075,10.793458251659168,10.793490472360075
a6f967fb,4670.0,13.192039334236444,13.191448087725083,12.048575833584982,12.048001546832221
e0f36d98,4976.0,13.147333615541006,13.147331543682212,10.88441254439701,10.884413467589583
b4f37e6e,2992.0,13.144385935208026,13.14440190007792,10.412539557619333,10.412605260352649
20402d71,6372.0,13.116153718216015,13.116111375539711,12.103589655980436,12.103552792905822
974802e7,5843.0,13.739336318402593,13.069908693042885,12.185710603041475,11.76671602718088
d011f41b,2267.0,13.062721703910814,13.062889611801825,10.567786878494513,10.567928691266511
2d196986,6474.0,13.046705300239854,13.046664991434996,10.886193203416411,10.886164081656476
660d9546,4732.0,13.041120899850348,13.040761607365198,10.185615905520121,10.184949555208055
73b1447d,5670.0,13.00929022697525,13.009285992217283,10.865539207365002,10.865498473434766
3ef98781,3892.0,12.955503310770075,12.954875917337555,12.190568179700563,12.189901365936034
fc0d20b2,3954.0,12.924708262557898,12.924477916713998,9.639787977342134,9.639659236856241
e2fc7745,3692.0,12.912727451718277,12.913011894124834,9.580206447221077,9.580581373456608
70925e23,5947.0,12.89891342336262,12.898986259240433,11.325644489441812,11.325773541703715
fc03f21f,4803.0,12.886492435665245,12.886539515942383,10.527736846093399,10.527793532123615
cbe51de1,3963.0,12.879691856008472,12.879880989469603,9.8507747420217,9.850869493708801
5d7198fd,3368.0,12.870328994714235,12.87033524533507,10.116608617573931,10.116474260130001
c70c0e01,4312.0,12.85857738854919,12.85856137736276,9.997909354902232,9.997858791720622
8478df29,4857.0,12.836706817331462,12.836716372791553,12.173499429096495,12.173519879759144
28f4eda9,5266.0,12.801483719211712,12.801536988429813,9.828913815829099,9.829019707493577
9298ad5b,3964.0,12.77044984207977,12.770571233082913,10.050682243066602,10.050682662868581
c1d046f4,5513.0,7.887396448250769,12.758242848313316,6.287631461569525,9.34320398592113
3a86fe8d,5118.0,12.373998410303084,12.70222525090036,11.353966814285386,11.555023085916458
b04b58a3,3402.0,12.678210393030538,12.678389227597025,10.691351535889828,10.69147148128359
2d35f86d,4896.0,12.668556974607784,12.66856336465272,12.156379369527846,12.156392046303818
7a5660b0,4998.0,12.647398454963449,12.647338123614091,11.856064779709866,11.855998878023573
bffe3082,5723.0,12.64406047278568,12.64389440878501,9.82632245994606,9.826181263814497
10be2420,3271.0,12.545097218430298,12.545000060862764,11.253857047422498,11.253769247948796
5aef5c6c,3121.0,12.529787513114993,12.529805615774496,9.800604119584513,9.800633045811587
edf885a3,3117.0,12.516097416118706,12.515774508692349,9.963021860264547,9.962583508243672
a4f989c2,5385.0,12.50637745086036,12.506604185940638,11.44297240243954,11.443225406047983
12203f2a,3261.0,12.495919326372011,12.496099349207633,10.997373319026464,10.997503222595945
9bd2bba3,7439.0,10.905449844801113,12.492021220432152,9.974648988528338,10.958522063823034
cc08aa63,3274.0,12.487133508996555,12.487004717830064,10.872854749736582,10.872746322716129
833af382,3628.0,12.486555864231738,12.486575565853778,10.116414313590626,10.116462202481642
591cc951,4609.0,12.43841418736748,12.438151851895485,10.331447725573877,10.331137271598728
c42fe306,5095.0,12.401385165368714,12.401411208995825,8.772506342052818,8.77250172238187
fae0c593,4403.0,12.390689968411023,12.390692956959743,11.568357077536772,11.56837854234653
f8662c22,5429.0,12.389938937777124,12.39004076621441,10.838538761379008,10.838604580960197
2fe023be,4221.0,12.28911668437889,12.288897010229318,11.065542970465996,11.06537114806678
e730c32b,4728.0,12.262381067244709,12.262384812526985,11.051355274858118,11.0514371650063
93209a3d,4697.0,12.229920355500555,12.22988134594272,10.962081114249534,10.962072898860468
992c99e8,4904.0,12.226877562419096,12.226442007454214,9.787713882527042,9.787456903602209
7987f2f2,3705.0,12.21654096244073,12.216232294182527,8.629438316324325,8.628924823262963
272abef3,4135.0,12.152963376158011,12.152553022052228,9.875644617370186,9.875156624079647
a7744f5b,4377.0,12.098600109849265,12.098726228550833,8.810628143499596,8.810686133926373
a622ce4d,6298.0,12.084604333372809,12.08482330301122,9.210047293491156,9.210274362691944
a4cdbb0f,5204.0,12.022995259041446,12.02298897384113,9.392134129139656,9.392141274927319
2acc78d4,4266.0,12.01844561753123,12.018885857300349,8.602551929828829,8.602997082752758
65a5466a,4683.0,11.989477481529898,11.98949454934327,9.875697956765542,9.875753933102423
e9949a23,4559.0,11.9522531086251,11.952018749558931,9.732164967920209,9.731951132536784
f08774c3,3900.0,11.948978904092828,11.949043895033988,10.77279326026638,10.77283901354554
0955cd6c,5195.0,11.942993449894969,11.942610713436785,10.134422866627657,10.13403005643066
4cd1ac61,4489.0,11.939448256865074,11.939366948536376,11.720008926013879,11.719920979264009
9d3ec64c,3480.0,11.907268163293098,11.90740714456183,10.546611982566878,10.546777064806435
eafb863e,3568.0,11.893404115446392,11.893353026708223,10.234880678545274,10.23484913138155
698930d1,4741.0,11.88776881873751,11.887816999063682,7.408923873476073,7.408829435232394
d6dd7330,6193.0,11.882868312821389,11.882727155379994,9.595363057238975,9.595240604337326
4121c517,3723.0,11.876952119887738,11.87675481093744,10.472517872704158,10.472364962778933
f074d277,2453.0,11.873686523388498,11.87399834255247,10.318644245205912,10.318932028078338
58fa8486,4475.0,11.85309986071071,11.852964776885262,9.747902402022596,9.74783459920166
9a6b0392,4255.0,11.822575181033903,11.822591752065708,8.840960815300098,8.840943683037517
200d233d,3926.0,11.78077640271876,11.781034489714106,10.853321728357113,10.853623725037977
37344c2a,5197.0,11.77419426612831,11.774290663903711,7.752172918812563,7.752195545633967
727a3a10,4397.0,11.7544033883742,11.753436480514583,10.902447010714486,10.901470440267516
1770d7c6,7240.0,11.752971674033835,11.753068360709118,10.108897226985802,10.10894632953754
e25f1537,3177.0,11.745262504961799,11.745265487706101,9.76331704600327,9.763390762166281
d0a0e7b5,3816.0,11.72176938433076,11.721634535486992,10.456252817461223,10.456126031038332
4a8ecc0b,5809.0,11.692634439017043,11.692457110007778,10.431694338949317,10.431522381776135
33c40295,4169.0,11.651029720580999,11.651068082638801,11.032662912151839,11.03271116259446
52f1e77a,4442.0,11.6151159991275,11.61390725137925,9.878071305478976,9.87709781213339
7850c72e,5497.0,11.59925574943865,11.59923749880748,9.74142061425051,9.741467739179187
a85e4bc3,4581.0,11.588723622462242,11.588802494517836,9.056978990967947,9.05696266816194
722cf0d8,5143.0,11.573817677869442,11.573630305852388,9.498644420076182,9.498425109392787
028d7b28,6234.0,11.505374242981555,11.50563772998431,9.719279788798929,9.719645836944846
b56bc0aa,5602.0,11.46933465712301,11.469338496432929,10.784874616469942,10.784890240704366
69e41fa6,5772.0,11.453392139519725,11.453374119285991,10.363395856625154,10.36337996833545
367456ce,5569.0,11.415765204167776,11.415778845854385,9.645872362735599,9.645908215066394
353e5502,6062.0,6.175318523256732,11.377201272055716,5.4744127671538845,8.128052742048213
09053135,5907.0,11.376357324653474,11.376283708360722,10.017627923966547,10.017497537970616
4630ab92,3373.0,11.340701687691809,11.340287293459657,8.973698926460036,8.973076256831186
5693dde2,3488.0,11.335837753508619,11.335820674062687,10.390138103744862,10.390114303127117
1e30dedf,4071.0,11.335157443495868,11.33511728496603,9.52982086682408,9.529790878590477
ed6e6e54,6048.0,11.31858103303201,11.318703666586309,7.764826929210543,7.764830716022386
5f6756c5,5931.0,11.31635342173132,11.317238743034014,10.372628676514886,10.373656198605005
19fb4f7b,5620.0,11.312392534680592,11.312410319350066,8.8410346326548,8.84094940013927
0d99f8e4,5823.0,11.174375265546047,11.174341892474523,9.507405982217387,9.507363156955291
f8afa78a,6032.0,11.173329171124948,11.173243978361961,9.64802472655883,9.64797969636403
eabc711b,5348.0,11.132783923599826,11.13263717269616,8.854720729150406,8.854666131687829
c6b782a4,4877.0,10.939543934628677,11.088827885647211,9.8107209306819,10.010848406064898
e97032ad,3530.0,11.053012416429832,11.05301427774565,10.28551939320005,10.285522334632342
d00e7eb9,5704.0,11.031817765429027,11.031776389525481,9.93015145942404,9.930147685210454
203721ab,5730.0,10.995372129107123,10.995402853201387,9.030301634789858,9.030326536152096
cda7eb37,5973.0,10.988000214497008,10.988033041113733,8.09653934510445,8.096587213342692
4cecf7b3,6019.0,10.93364532404232,10.933655041288187,8.9697381272375,8.969738439584857
eb640a35,6037.0,10.873546269199387,10.87356390062947,9.805973442689037,9.80603477730725
75c20ec7,5361.0,10.872422850618937,10.872426343692542,9.148746536529549,9.148758906585037
62569ae3,3588.0,10.854081581011826,10.855839909360276,8.054630307278247,8.055699968759438
b7fea9ef,3866.0,10.850838687853026,10.850829830744102,10.09128365593325,10.09125312283206
cbb406b5,6328.0,10.849492985889174,10.849732393952594,8.67530889888811,8.675591817027607
dd6bc5b2,3602.0,10.844819663902452,10.844618615790699,9.111559894581285,9.111344708792968
593876b6,4842.0,10.79695901720907,10.796811148474502,10.007148057437403,10.007002028185305
9ffce529,5212.0,10.783014790158427,10.782841809365285,9.299055848344311,9.298961201624875
25939962,4319.0,10.780539919658404,10.780589131129997,9.63363601936514,9.63379929486522
a79fd2e7,4404.0,10.741016684310196,10.7410161891456,8.369267093422895,8.369272998135745
29b24409,5587.0,10.725574351821908,10.72558292409233,9.952749213517267,9.952776588010341
ccedb12b,4401.0,10.710949404344085,10.711014896177792,9.733281724959014,9.733366609797047
d1ecf309,6168.0,10.702580737190194,10.702578379045054,9.440775083386116,9.440754471881432
861e71df,4700.0,10.692349280670589,10.692210180160288,9.13068309331032,9.130530977026016
cd7f1687,4232.0,10.677541672005553,10.677556339755196,9.450036471927435,9.450054727122499
aa95015b,4300.0,10.633867504132843,10.634179841986274,8.997207260154997,8.997573278114862
a056d01e,6557.0,10.60454363207797,10.60458683249058,7.002223445522685,7.002245986071879
122bd617,4570.0,10.603670644033073,10.603651976529521,7.993260948130405,7.9932481668346815
374be387,9965.0,10.577428352738602,10.592242766355525,8.858941395057501,8.869083177495957
4caa7289,5396.0,10.553608805648683,10.553685076475091,7.893652791830143,7.893722572928131
b0f53bf4,2755.0,10.532668706337573,10.532670638938589,8.77686003884291,8.77680336225499
a645da9a,5153.0,10.530717261375049,10.530758334229933,9.542036542675024,9.542034569648232
264feceb,5665.0,10.499821547849017,10.499564240307043,10.214679237180958,10.214459981235356
53f23031,8550.0,10.487271004786573,10.487485253829384,8.604716542123388,8.605011893718936
c03d4aed,4641.0,10.48545502437626,10.48548016746412,8.235160077434141,8.235111953406383
3584a6eb,4494.0,10.470807253166914,10.470738180477596,9.526319916142938,9.526276184568243
5138a660,3559.0,10.437102130027034,10.437473328074782,8.123113580122167,8.123473724231037
ec13af42,5462.0,10.423024601006043,10.422936849684284,8.336359355003482,8.336277161483116
fa667be2,7296.0,10.40029172041766,10.400308178430723,9.441492808602067,9.44153536475337
87aa3730,5607.0,10.39087719631964,10.390699919498054,8.089267584430088,8.089006711207745
177622d7,3154.0,10.374920719858233,10.374831760347686,8.16862964462513,8.168420593364802
f631da6e,4093.0,10.362062982514464,10.362037563067185,8.694002587424936,8.693996528730185
a6b8ac67,5453.0,10.350609928884234,10.350594777705245,8.632439919158129,8.63247888012112
0e5e560d,3253.0,10.35019152204022,10.350387807947191,9.570471299920296,9.57070561442682
6e9ccd38,8282.0,10.330487961260925,10.330499242651866,7.819205203817324,7.819279892087006
b19b0395,5813.0,10.325636496736305,10.325147903382803,9.60640742802905,9.605964880959505
8b9d8326,6163.0,10.319469553933173,10.31944199797618,7.4718184195051505,7.471794448603468
8c167025,5368.0,10.280935034190298,10.281006668988699,8.058415917044814,8.058523869669386
c2c4db09,6039.0,10.246145326831405,10.24620588383412,8.784843945987435,8.78490224775522
f72b268f,6404.0,10.20830795403802,10.208760379423905,8.771287857113814,8.77164893312648
1e5e3573,5480.0,10.207842873387063,10.207749397647776,9.062173130141234,9.062252015291284
13f598d9,7306.0,10.205985674452572,10.20597774434076,8.724463610336183,8.724467154181044
46a7190b,4215.0,10.201225793416425,10.201358828126413,7.78818252028314,7.788169773937751
e32da4ec,4689.0,10.173760736284747,10.173770884108194,7.730720496089856,7.73052043029548
109d9d70,4215.0,10.164126350767004,10.164151152573034,7.922682038989399,7.922684232406609
69c1bdad,2714.0,10.154195996162837,10.154235402646178,8.747319602764307,8.74729359370741
e5ff9fd2,2354.0,10.130793560757777,10.130781961564288,8.620678917168256,8.620704215472959
ce8399b7,1615.0,10.128237619174865,10.128246429371107,9.835625638032237,9.835689092951114
c9e980e8,4359.0,10.112912304625048,10.112875705524873,7.368672571169493,7.368614742619865
940a48d9,3963.0,10.097646854394283,10.097222665165225,8.365874897463474,8.365718282260195
2b547943,3480.0,10.04721989677667,10.047051485621198,8.522992625922877,8.522750078327192
a2e8e7f6,4760.0,10.034770396880981,10.034511142293299,8.155558339115,8.155255225553953
fb3848a1,5919.0,10.010664919675362,10.010602686080041,8.47976014336816,8.479769422135119
084d66f9,3885.0,9.949853336096389,9.949991046756821,7.463549258357766,7.46359672396714
3a223519,4583.0,9.944190404261679,9.943915429080578,7.501150578956744,7.500816468150236
c96c018a,6236.0,9.929442299385743,9.929553443766434,8.259860648904827,8.26002881827464
0390d174,4411.0,9.90475769050929,9.904732667901449,8.745887164537681,8.745823236752473
12f0cd90,5947.0,9.898912407440552,9.899038047640644,6.837561257224896,6.837673221170009
2cee0cba,5500.0,9.891487418907552,9.89149516786123,8.238638709076616,8.23863253315954
1aaf1da0,4804.0,9.868579450521521,9.86847680715374,8.334283318990927,8.334187030216487
c9578d27,4487.0,9.848197089765378,9.848234537416507,7.805605706274969,7.805635659259244
9d072e4c,5107.0,5.815672421166487,9.844326181974388,4.828448566108974,6.975729565963001
8a3da6d1,4593.0,9.838953039281625,9.839555386714343,8.164986990969147,8.16562747928162
4f4afcc6,5645.0,9.816098838720855,9.815901479709822,7.897360580818733,7.897270458041596
5d11dfb5,5895.0,9.80844910609653,9.80863725430411,7.738895652588919,7.739053347403237
ffefef30,4570.0,9.802892851716535,9.80315740685525,7.814103559358584,7.814279243874925
c84c65be,8496.0,9.794976038380725,9.795276308711456,8.625160803559899,8.625459312914927
2ddad940,5331.0,9.772433142499718,9.772581791791788,8.343956701092706,8.34415781811355
eb06a4e7,4535.0,9.755697518187796,9.755523405806583,7.7308851231811895,7.730711939583977
7993a768,5487.0,9.753556414165706,9.754076780633445,8.712796269207978,8.713436183960793
1b6ba517,6597.0,9.75050196234883,9.750352913774632,9.452601790657308,9.452457794354551
b585b4fa,4294.0,9.742512211778449,9.742115446500422,8.300694943020483,8.300350273371203
1d78281a,4949.0,9.723251091929233,9.723287809917096,6.740268867057128,6.740197745262923
c9e6734f,4735.0,9.651067837937212,9.651088006277867,8.927070793717897,8.927113660099895
e7d0c1de,4711.0,9.627840014339181,9.628098176143295,8.178301141303388,8.178472571059086
807f0298,3747.0,9.623440689382731,9.623457785903963,6.27781103521056,6.277795241085571
cdc60a53,5878.0,9.543889966524286,9.544035932269448,7.563289901396302,7.563398271303031
d114d9c2,6206.0,9.478279284416882,9.47804238749219,8.303493886852687,8.303226824024357
97cd5bf9,3449.0,9.43040713015104,9.430286928993521,7.791349541062849,7.791119706085582
f053a1b9,4108.0,9.429349723404856,9.429271659937346,8.406983457408714,8.406898259536609
96b7eea1,4332.0,9.394938410854996,9.386509708906358,8.9638977265824,8.95442887332218
76201745,4448.0,9.386406167416222,9.38617142520846,6.944695959258696,6.944366646980172
f9fc81aa,5598.0,9.347738866693083,9.347717262556209,7.254832201121834,7.2548842766362025
1295a25b,5551.0,9.337377497229642,9.337245842361675,7.529461642020206,7.529398039106702
c472c0b5,3054.0,9.325883584041582,9.325891478411672,8.465638074115796,8.465665332288024
20096916,5133.0,9.309002916251181,9.308993946821296,7.599406289110328,7.599492738501549
f6bc699b,3752.0,9.301350490928348,9.301248645608378,6.977784698683309,6.9777293237605
da940160,5132.0,9.294221988052206,9.29441881776395,7.775942614334769,7.776135073953954
49dbc14c,3872.0,9.27914319459731,9.279063803393955,8.385734897579928,8.385663500783014
198a5607,6251.0,9.272200002036785,9.272170532904415,7.174485963662519,7.174383420263791
6d590e26,6096.0,9.25525039301403,9.25525360272272,8.120464631143307,8.120470694046425
b1efb8a4,5998.0,9.248115184008771,9.248146364106217,6.782499294900637,6.782577251228881
91abc4c7,5848.0,8.299334554469919,9.238823706367603,5.585646247196263,6.143103765761268
c36625df,4742.0,9.229032468308699,9.228686206149183,8.295779312787726,8.295355780865378
71642c7d,4648.0,9.22740436584059,9.227639818698895,7.783212499850571,7.783353434937521
e737965a,5955.0,9.214851181381844,9.21492846620946,7.883597736490838,7.88370997922839
699ea575,4120.0,9.190201393003026,9.1898925235818,7.121068703318428,7.120729423006616
beda8696,5912.0,9.164035105531568,9.163986085770375,6.098353486259357,6.098271307454882
729665c0,4263.0,9.128861353519524,9.129049456930927,7.701062399888125,7.701202383906897
62a6f539,3693.0,9.073249536213638,9.07299182311679,7.567814642175447,7.5675392662297565
fcfcc902,2791.0,9.057686685290896,9.057461531773555,8.502055500159756,8.50194485060653
ff8bb73a,5927.0,9.054468428094198,9.054169206804051,6.632610872286768,6.632234742054614
f03f10fe,4145.0,9.050141829913821,9.05011190762978,7.438340614265974,7.438322287955432
fb73b13a,5640.0,9.21765538910346,9.047832663522408,8.065023478872684,7.8218104723124835
c2c6fc71,7119.0,9.0216357842716,9.021633831340571,7.650842649515465,7.65085925567257
27ebb9b9,5766.0,8.995793126603278,8.9957850925807,7.062818014064149,7.0628113415970715
5def1ce5,6443.0,8.99302731984984,8.993032596859694,8.085881099498998,8.085881568991843
796dbd4c,6248.0,8.970841738779406,8.970846506485643,7.729341156120111,7.729358522787819
e7818f7a,5371.0,8.965641627323249,8.965423038297297,7.993934707096345,7.993672970190062
9ae248be,5271.0,8.941434765422002,8.941167967166628,8.14025502392819,8.140017895680808
a5e6f7dc,5649.0,8.934525106995105,8.934378366384115,7.741492503134792,7.741368711699175
3bfee975,3603.0,8.924866865464342,8.924711583070156,7.617028421082739,7.616885475814665
1131525f,4159.0,9.238363356485902,8.907759608857527,7.833730403563868,7.411768524968213
ab3ced07,4250.0,8.876334392749827,8.876259891110031,7.387928870128299,7.3878818420534405
54a7e3c2,6155.0,8.87431832236079,8.874421285632573,7.731629058212208,7.731737656475525
2e43c2ea,5698.0,8.866551972526658,8.866550728378865,7.948877546548393,7.948885999897101
d9d6d94d,4919.0,8.835976421812726,8.835956398925532,7.872644216462859,7.8726268585970365
d6c320d9,5452.0,8.820651354747872,8.820834609426546,8.020242872385614,8.020422983905187
000d7d20,3836.0,8.815609896950368,8.815607810823312,7.322816566713256,7.322780813221392
a247e7cf,5674.0,8.813413572624581,8.81340165256246,7.120994396686168,7.120994585896906
9ad5410a,4205.0,8.806309183702728,8.806226232369688,8.35633527893862,8.356322586747577
5397ceb1,5255.0,8.768171978423698,8.768176891028805,6.762024903481875,6.762017977514914
eac10e86,6067.0,8.749404464244572,8.749236843993469,7.802098985530708,7.801921757231412
f40cd091,5166.0,8.740347571474867,8.740310097072463,7.121787209244383,7.121744530908465
cb879f40,6315.0,8.730737874423102,8.730687824876611,7.719312357873832,7.719271691791144
d9ae59b2,3648.0,8.710813004626788,8.710581593169657,7.517076970873161,7.516769810335969
3c3dbcbc,5069.0,8.708059209847372,8.707850724094284,7.656706110306849,7.656463152740803
726f3dc2,6723.0,8.698028697400595,8.69799546238971,6.489403358738815,6.489384789677575
d543916f,4799.0,8.693977006378299,8.694013180828113,6.3547003098142065,6.354647794130799
c2717d4f,4721.0,8.641403031542636,8.64173093167022,7.701722715074481,7.702060194103079
3bbe1f5d,6918.0,8.636156418937233,8.636264441902979,7.784893191500297,7.784983469336423
7b38844c,3749.0,8.597645827214858,8.59734713544832,7.626726764672433,7.626256345241659
5eae34a8,4904.0,8.588676725115857,8.58855005287865,7.11851676614529,7.1184491836657315
d1457cc5,6920.0,8.585546366909012,8.585479715129448,7.578786574621123,7.578815786454606
5a5269a9,6513.0,8.582067724523162,8.582036889536296,6.882307466117342,6.882272203375778
f07d7037,5563.0,8.56579721862916,8.565714051382656,7.538233681487069,7.538336887744073
995ff498,4526.0,8.530730907342345,8.530627444896355,6.552816992268772,6.552830978186879
bf39bc20,3303.0,8.527145310026345,8.527097989397566,7.010459077212596,7.010435889177995
70e1788b,9285.0,8.516995529952771,8.516767779144343,7.130358707333944,7.130161922487376
aed44918,2719.0,8.51195375737804,8.5119542510804,7.143472718661348,7.143519987684644
c43812e2,5527.0,8.490066634593843,8.489949280949146,6.885316710307599,6.885248737134805
4e050c92,3705.0,8.486302408195087,8.485964725993282,5.928439512785053,5.927964105946534
8c8348e8,3888.0,8.468127278629332,8.468011178998884,6.3968314963868815,6.396630281460073
74b6186b,3405.0,8.43409627640187,8.434052217972349,8.155549698332443,8.15553324426047
3df4b19e,4988.0,8.429607279480491,8.429440534760165,7.654447272905484,7.654311339315304
d463e527,4767.0,8.417090879911717,8.417099472962693,7.297226652699466,7.297208700160734
4f4ac5ce,5162.0,8.361748387440239,8.361812117286002,7.656472331070944,7.656512790141062
75cd5f11,4946.0,8.34916315439251,8.349261731384185,7.304553229840244,7.304604976197552
0dc835f3,4428.0,8.34525036381306,8.345455833794327,6.596456550806334,6.596434626282113
9a8ae0d6,6294.0,8.329185583026991,8.32916370966215,6.047156723143175,6.04712766929696
c6797dd7,4664.0,8.321956439455468,8.32201811456462,7.182902958337056,7.182899134117597
e6c55748,4472.0,8.321265361436392,8.321207552503616,7.363402608766063,7.363357828241703
c50b42f6,6014.0,8.32120722949216,8.321203289300307,6.858035658148457,6.858072833143104
3ac16ad0,5649.0,8.296155160891667,8.295985221233527,6.199500910762323,6.199189205206514
7cbbd047,5121.0,8.271596798279168,8.271572736014162,7.399857152971278,7.399853724143998
a85bb86f,3099.0,8.250362482927198,8.250293573730957,6.9845488409557,6.984651217997973
512943b2,5029.0,8.245672597021741,8.24598425386498,6.592672911477024,6.593120111383031
4936af16,3991.0,8.244949854565565,8.244937454292137,6.067460385471716,6.067484590096521
d1ee630d,6290.0,8.226791721461087,8.226616478119036,7.071844725362132,7.071838391857897
7e208414,4226.0,8.201412274204625,8.201097410208005,7.1408556127270515,7.140714844557722
be063506,4500.0,8.181916866212676,8.181522966534136,7.413785828216616,7.413420826903038
90386ee4,3840.0,8.167380706140463,8.167339616744874,5.981102740870767,5.980922178519846
01869cd4,5557.0,8.126235704452586,8.126231293531179,6.49720307853885,6.497182868087463
310c71a5,5245.0,8.121981595904906,8.122110449168963,6.846600483766273,6.8467347992765974
dc5fbe29,5203.0,8.098657358859688,8.098869739244416,6.244236460960813,6.244463646239001
a6ed2eff,5275.0,8.094693594531211,8.094724661159804,6.308294289253631,6.308375214052774
6dbe4b60,4648.0,8.079836840152124,8.079901892980903,6.158084551512004,6.157910604263453
1fee2b62,4641.0,8.0565379117783,8.056610709980605,7.194756351930458,7.194865480673281
2d9f6cb9,7338.0,8.02903934135972,8.02908209776832,6.961828124308789,6.961833895236413
abf460d2,3217.0,8.004538187924393,8.004652243252194,6.519921732855131,6.520082982181454
e4726608,4733.0,7.9981342675516665,7.998394813145797,7.188397238014744,7.188679454499433
8902c3f6,4959.0,7.99510557644672,7.995103441802908,6.993843139497828,6.993852825823291
22c5f93f,5172.0,7.988241835195971,7.988059641225514,5.358779924002529,5.358577450213071
647f2a41,3881.0,7.98625980364965,7.986086566695785,5.17851986726795,5.178264421013378
0c1b160c,5054.0,7.985942773595512,7.985945594710443,5.8170974744879365,5.81707708555267
e7c36e81,3531.0,7.981514006984732,7.981542551730996,7.382950802553953,7.382951475456209
5f75f796,5562.0,7.98021410804536,7.980205606456692,5.848057860879696,5.848018408802008
2d179ded,7008.0,7.912965296441673,7.9129212482181615,7.116539044376659,7.116525850231151
e5c92e59,4295.0,7.912518217288784,7.91252256216062,6.8177852219465045,6.8178060933475
8050c789,3077.0,7.861829260318742,7.861941209596167,6.552314781298476,6.5522947992987195
4b462989,3106.0,7.855483970620645,7.8554913445477945,6.494034150382717,6.49400675562317
bd6f0e19,5140.0,7.849907160893068,7.850563148930473,7.229040246431844,7.229676719316581
d3df146b,5787.0,7.849653788789544,7.849690651153379,6.047986733196617,6.048151293546786
060ab2b8,6258.0,7.83472237096737,7.834761958378423,6.474756594802066,6.474777162191056
0be01c24,4738.0,7.825554494013513,7.825527951027303,6.797593732481553,6.797590978227512
ee4aecac,5265.0,7.818656303454985,7.818677104406818,7.0988962961215885,7.09893251894935
c908edd0,5293.0,7.8180497545853695,7.818085680774788,5.886402291878249,5.88700299288925
eeda36f5,4797.0,7.807474623025449,7.806473987214996,7.207631810983954,7.206790695247486
b8c49c1a,4319.0,7.805500645041465,7.8056226911760325,5.988350434082499,5.9884212175734435
3e678ea7,6858.0,7.804859184870352,7.804756017629022,5.650412642272528,5.6503112922309695
dc7f9757,4360.0,7.773643989089911,7.773569305443834,6.874769935120196,6.874728334821863
89969c7a,4947.0,7.770803439717233,7.770815849553732,6.835455790504106,6.835469469295783
c99f9fae,6361.0,7.744302543951948,7.74402026019533,5.366099484049277,5.365620040597899
2c0c4a4e,4790.0,7.735523715760805,7.735530251863827,6.130318695010664,6.130331984458
eeed308d,3899.0,7.725208735084741,7.725149295150473,7.168169988308987,7.168173004682867
e85074c5,5675.0,7.677787765544282,7.677618906268941,6.379426355470228,6.379202341888542
0dd99dc5,7342.0,7.669913739120465,7.669926042354432,5.684146697397666,5.684091708150613
1944513c,4722.0,7.656107656755611,7.656083349433265,6.553738559536731,6.553714159799346
00e12e8b,4301.0,7.629806724610742,7.629805151376764,6.263799960349318,6.263803509580764
9719aa04,4871.0,7.614929117604178,7.614961222040109,5.699551466014713,5.699556611734256
729e9750,5919.0,7.589804074580072,7.589768932001408,5.946718411126642,5.946739094655374
ea0b99b7,9239.0,7.579801717853183,7.579909516776327,5.888287159953445,5.888370420903357
9efc812e,4450.0,7.576886393395553,7.576995376265445,6.662152071711728,6.662124153619749
3a824aa7,4201.0,7.574663704439769,7.574570808341759,5.778213325348885,5.778102778452403
4ed93db6,4657.0,7.573246848446784,7.572477807397447,6.536635886982086,6.535849669156387
c03b9305,4255.0,7.570945245381528,7.570931290534153,4.956593328266358,4.95651414315626
9b9e3b49,5118.0,7.537010189917106,7.536985916653377,5.860575077090424,5.860440192060043
94467f50,3035.0,7.512495382348999,7.512415560244245,5.67646644501149,5.676443499687584
dc7da28f,4774.0,7.492618105794113,7.492581746499354,6.4694016049298755,6.469381724800058
9ab94eeb,4442.0,7.489859447397922,7.489918599653467,6.529107004604087,6.529027001192845
46d41ff6,7901.0,7.453106767990493,7.453167448665394,6.3510620055660585,6.351140640300729
6a8fa194,3017.0,7.405991812415442,7.405770804384129,6.413032084058893,6.412911318618807
764072a5,2949.0,7.377121551380074,7.377131373266424,5.585685622438134,5.585732545138089
052d64df,2445.0,7.3431429166194135,7.343252883221226,5.632824963576306,5.632737699299376
e14d641e,3184.0,7.342171034473173,7.34224846774137,4.833139040326796,4.8331748536859935
fa31da94,5027.0,7.329698693944621,7.329442747087278,6.213985092806972,6.213865213879569
e0079ed1,3471.0,7.25018459572517,7.250422486089101,5.954498030669742,5.95479016404231
e149204f,6097.0,7.224518673713189,7.224327142742197,5.828483164943763,5.828387523242962
26d3a96a,4721.0,7.2220147546458096,7.222022768174512,5.633018021488465,5.633013085334937
925a7cd1,4517.0,7.204285547721856,7.204365626309477,6.834743051256149,6.834787309918686
ae0784a8,7823.0,7.175744348005011,7.1756972687640985,5.525468995918163,5.525410563073414
9def2eb2,6003.0,7.139060989334861,7.139022979768765,5.897700616375026,5.897639625052522
b7974e66,5558.0,7.119427080040448,7.11938391323498,6.192974072423078,6.192897797559729
cdc31d65,4840.0,7.110486259758923,7.1102686297789885,5.46243888777979,5.461911784500539
6ea22614,5971.0,7.107761329395047,7.107664793597922,5.755900561530918,5.755841207047708
73348914,4221.0,7.106670405305591,7.10708735596067,5.4577894696498355,5.458339725348094
7cd4bb31,6439.0,7.091430227495506,7.091446615166354,6.098380236428605,6.098365456172368
6e6d122c,5632.0,7.089047551345184,7.088996816444673,5.181617500491263,5.181436837723675
1d3fbf02,2694.0,7.081092280476778,7.080379430396806,5.838585015477944,5.837766818446208
ab6fe95d,5491.0,7.055528410094774,7.055581975212653,5.7738400964173024,5.773835134277629
1619e2ca,4443.0,7.047650227753591,7.047651782880953,5.400039452281371,5.400026878589955
c6c96179,4004.0,6.982049805033118,6.982234411448241,5.537789537656173,5.537957673957673
1bcb2fcf,4524.0,6.981631978840601,6.981359017164617,6.164311072185488,6.164088995026116
2ee0235b,5556.0,6.955570833143702,6.955124669220079,5.571273085413409,5.5707924828761435
3b21ea64,7376.0,6.945556470534457,6.945524597829345,5.487523009472234,5.487480922842273
43b06c70,4846.0,6.945170737444028,6.945163434726106,5.328496060806813,5.328448720654069
efde6ac3,4559.0,10.011728455550976,6.8791122348397895,7.291059885839721,5.3430164446143
8d92cb49,3589.0,6.87745535604041,6.87731209618984,4.850727704800603,4.850614617670502
2b034622,5203.0,6.835027929581623,6.834684315107423,6.087616317373734,6.087337911773181
aff4e561,6026.0,6.831648818219549,6.8313911281554205,5.363611423448752,5.363376639858183
af7a59ce,3024.0,6.822119825408109,6.821379065295373,6.0652187018716335,6.06453071772287
3ef6372a,4727.0,6.801424116916692,6.801444652674193,5.9795028559014805,5.979589611750082
113011eb,3272.0,6.778804472143255,6.778762603986389,6.077979346056777,6.077849159189227
5fffa282,4201.0,6.778497386325191,6.778220287816426,6.1552950563534745,6.1549307030085245
0a57a29c,5821.0,6.714377604106501,6.714291245795738,5.618881788717066,5.618858729290715
0498acab,4798.0,6.707025510663481,6.706964578695699,5.274584918463352,5.274489451221745
87695469,7003.0,6.688136635119513,6.688024217727958,6.122705098408222,6.122598755293638
ddc790ff,4726.0,6.6747665034519885,6.674518194140843,5.799602506533994,5.799386695096316
d60430e6,2511.0,6.671217116936334,6.671084953531521,5.730772890202537,5.730635466984554
940e709a,3348.0,6.663976034306145,6.663949183780142,5.333397482726162,5.333374565847436
fd3b4faa,5022.0,6.634743459016205,6.634871650184084,5.389688559480694,5.389714752395297
a0e92ed6,4897.0,6.576393626420592,6.576340367937402,5.322382764807988,5.322203194466851
f8f59188,4807.0,6.56072338726466,6.560687904138568,4.9415591659213325,4.9415514325938075
ab94878e,6004.0,6.549708155908408,6.549758034855299,5.519611044995058,5.519636195209387
47ee27ab,6397.0,6.54259986562917,6.542572014755854,5.701713926765714,5.7017133212801765
d7ba4f9d,6023.0,6.526045776811874,6.525896969026977,5.810470503250857,5.810386217208108
6ede926a,4938.0,6.507006607976948,6.506978323922387,5.809365568747692,5.809321811064328
18d24f7b,4558.0,6.501525316147419,6.50159144534237,5.553975646768407,5.5540561814740705
a3518960,4967.0,6.4927789959551205,6.491989564156389,5.369041962633784,5.368551992668218
877ed19c,3708.0,6.466494667024908,6.466778465997488,5.198181156667026,5.198541254678065
dd7d638e,4301.0,6.46138412896128,6.461314549261086,5.485665747775221,5.485646840208967
8cc21f01,4044.0,6.451541488950026,6.451505103529183,5.396485094260318,5.396463293269401
5a5d1982,3894.0,6.4126682200968155,6.412210083742975,5.48215630824574,5.481743796652096
a4719920,5884.0,6.399783992620106,6.3997666165690505,5.04761314484249,5.0475977610485225
463c38f2,4460.0,6.364167418260985,6.364151923740432,5.321510842138309,5.321488630344526
b32e4903,5770.0,6.32407107161698,6.323995205373132,5.4098043554206106,5.409736925892215
059c8f24,6258.0,6.316441225231424,6.316407008237421,5.1004443538189514,5.100430653604211
02e7fe5a,5108.0,6.302570128767536,6.30084587649567,5.008146571043458,5.006559085464576
dafc88c3,5572.0,6.2886371359195,6.288666891695793,5.3891498059976355,5.389181732169415
4654e7de,5373.0,6.285142182371154,6.285173330545541,5.264486926601353,5.264545401341422
1a518997,4606.0,6.213364447964153,6.282279243086688,5.233692098314281,5.349489036432082
9283ae69,3371.0,6.253741957266277,6.253726752281058,5.10878063302718,5.1087313526052505
d4f60a28,4501.0,6.2394688766420705,6.239450189593585,4.800986242556464,4.8009352324556085
3690a146,4073.0,6.234798985628178,6.234955587089882,5.284765151309398,5.284810927772868
98177ced,4772.0,6.229596112204512,6.229579414136877,5.217421559957542,5.217390977529358
bd8f847e,4961.0,6.1369902197551855,6.136991387762912,5.086404918597151,5.086388664652431
7256229b,5415.0,6.121313416231586,6.121271241788973,4.88098426157777,4.880923720195252
7b2c7b3c,2584.0,6.112797018944922,6.112880091716673,4.104331254804833,4.104336813781524
044af7d1,4519.0,6.079315228282316,6.079314359289398,5.37366373622593,5.3736624869489376
f021b650,3739.0,6.064895838319151,6.064719113997119,4.93304737204999,4.932947810511255
84633df4,4972.0,6.032783118155427,6.032672852901456,5.585366368567784,5.585360902085646
357c12f9,4079.0,6.0299648120632865,6.0299709202701175,4.356680596673791,4.356687095145892
e748dd88,4812.0,6.025416925687279,6.025281790996391,4.387699976629929,4.3875401195653465
2be5c96a,4210.0,6.021424490457527,6.021462004888579,5.3729944485077645,5.37304282197321
89f36adf,5292.0,6.003329313500693,6.0033066118025085,5.25173879136028,5.251719377070184
aaeffccb,2712.0,6.002739135933411,6.002740131189785,5.2806592475159775,5.2807769033852745
f439a621,2821.0,5.985105308255883,5.984949677639524,5.092153744662546,5.091929003734813
1b82b665,3806.0,5.982725506285806,5.982817075988917,4.917420033791807,4.917512926191305
865033f8,3557.0,5.951207057554502,5.951231931460749,5.061960232042837,5.062010921727033
01982c1d,3941.0,5.949639205888811,5.949690601411897,5.470322302324255,5.470341880723288
05948241,3879.0,5.923665689568914,5.923531742444668,4.994735783728617,4.9946494055534485
5aa03df7,4871.0,5.909247356815505,5.909110329438887,4.195612680978565,4.195470220833541
fd710aea,4217.0,5.903523017097925,5.903570777439357,4.510763789957488,4.510802007297128
b38e3116,6211.0,5.901692549311669,5.901632241801926,3.863264863696553,3.8630932880393
9c8375f7,3674.0,5.88377090117546,5.883635241466872,4.71640324296993,4.716085221662224
19871e7f,5293.0,5.879957039303936,5.879879037793978,4.851762590513946,4.851524692426437
59f8b2e8,3747.0,5.873631036857773,5.873364159973106,4.824227578483884,4.824012555529764
204cc64b,4805.0,5.803296945289433,5.803325311461804,4.650928399587625,4.6509744023945405
1fdbba44,4911.0,5.798232754141337,5.7984240289296345,5.002732599120958,5.002913460918801
f0188a48,4170.0,5.782436738378429,5.78238168290781,4.9257738391206,4.925715800263564
f56d3ace,5432.0,5.780016361157143,5.780265078419221,4.5186973226739795,4.518930923865889
6ae68655,4204.0,5.759894925319543,5.759772277056508,5.253000916254387,5.252911817663444
b32902c0,3808.0,5.728383244293467,5.728353594223212,4.416641307187162,4.416814700885453
8648abae,4244.0,5.681176092062774,5.681168680405526,4.13646709104242,4.136463222539461
1285a37b,5597.0,5.68015169872534,5.680072224630303,5.258603943381232,5.258530115219161
2f19d536,3088.0,5.6673084445760304,5.6674321678028585,5.277522005644443,5.27769548539421
516088b7,6645.0,5.644742725543154,5.644823627218863,4.507640692612942,4.507702853543341
e46f4ef4,7195.0,5.552258178421481,5.552203810253522,4.372051020237498,4.372006177934894
72dd8501,5193.0,5.542696685917221,5.542667210409291,4.851297736370974,4.851274357737291
9b5b61c1,5532.0,5.539563273639961,5.539540913770946,4.7670195539003135,4.767006450619979
8bb9c1e6,4546.0,5.481937033533228,5.481815145141386,4.54209336798573,4.541973315887736
cb34231f,5609.0,5.472074522552179,5.471637340141218,4.570077441893275,4.5698505555994675
ae35f33a,4450.0,5.443376025579002,5.4432715103464995,4.111694373301261,4.1118462945169405
9f0c7bae,2542.0,5.40251787470675,5.401200332440541,4.545363553445537,4.543764957271067
9314ff13,2748.0,5.397064207052989,5.397084392792592,4.054749039071265,4.054737140200437
dd64382d,3124.0,5.381516805455684,5.381246578353011,4.35817467809898,4.358189471610071
71ccf778,2698.0,5.306576299624211,5.306540085620998,4.507347062380827,4.50733315001003
09ec2ca9,5885.0,5.304268434029195,5.304170696262648,3.9550736454738367,3.955013641135117
78a4a386,5119.0,5.288143801256587,5.288172732700078,4.629341650000738,4.629387453454554
06df5958,3509.0,5.285352827842314,5.285411375088023,4.435106722572361,4.435191527207934
ea41324e,5025.0,5.266452762581517,5.26586765854511,4.019823990759853,4.019328225300377
c9fedcf3,3517.0,5.25538905225312,5.255394208890178,4.406935715820739,4.406963962714818
24d8997e,3442.0,5.254914069057364,5.254875579966227,4.164415812366013,4.164386126368066
d217e0c5,3838.0,5.221611773073398,5.221619599539536,4.485949314933653,4.485938566765587
14ad5efb,5842.0,5.216803690374741,5.216707953450414,3.6658482759277016,3.6657556539379024
5542c301,3591.0,5.215140818440738,5.215166261125239,4.07283388639364,4.072880503413393
2d2d0c6b,5045.0,5.191651892695692,5.191633312342365,4.238782116051277,4.238765428655568
c07fd0cd,4191.0,5.129501478787317,5.12922751797243,3.816080389671222,3.815763443440274
29de15c8,3431.0,5.120655954940033,5.120609967980121,4.405262759460451,4.405193361510034
9dfff011,4319.0,5.11380472884269,5.1137220569442245,4.327092826227639,4.327008779520069
d50c649a,4873.0,5.09760531775687,5.097464015596097,3.963883626161937,3.9638094764404923
3d96d897,5659.0,5.060559505303348,5.060328565446062,3.9836486137710527,3.9833171055475916
08fecf00,5574.0,5.035660900827519,5.03536311369722,3.984261444723611,3.9840672537319612
1590af81,3799.0,5.005953553022655,5.005793392725366,4.270477025599143,4.270364113825315
28473855,4290.0,5.004041239537775,5.003942671225383,3.1826238702591536,3.182400189296303
7224331b,6063.0,4.940389762678447,4.940124565623658,4.137509272973218,4.137361510666743
999daf80,3564.0,4.915589951054596,4.915464572548552,3.9983219073153085,3.9981902861334033
65156b96,3221.0,4.877417175965462,4.877539328775098,3.508337308257345,3.5084547009467077
944f36b9,4630.0,4.868028955860103,4.868032038089128,4.039666856439608,4.039668523477019
5254b6db,3274.0,4.863363632173563,4.8633233229880135,4.423474978905043,4.4234141167377095
d07aed8f,2957.0,4.824313758300878,4.824365569664454,4.090810566036385,4.090854772012559
2ab29395,1852.0,4.813808898839745,4.813516878385051,4.285817359873718,4.285600459091845
10a1281a,5609.0,4.746775561665274,4.746945000180486,4.00942131398693,4.009490571129454
2f8e53c3,2594.0,4.690953276545989,4.690220568210937,3.354315270240879,3.3535928186354442
9c211c53,7265.0,4.6649494149599535,4.664975858675628,3.9216648480318086,3.9217139125725997
23b9beb0,7340.0,4.633192418271242,4.63311324290543,3.208710869613943,3.2086980078297453
fba7683c,407.0,4.600652446865689,4.599696292133227,4.204587030002697,4.203865269986377
811f52b3,4836.0,4.580006873942239,4.580026399365487,3.718360950778656,3.718376871962777
5cb483ac,3852.0,4.553775811331429,4.553707635210358,3.600436646122224,3.6003156199769633
398dce4b,3166.0,4.539222257931135,4.539347582106061,3.1183822892122754,3.118488373353139
be35c8f2,4226.0,4.530688285065772,4.5306340690380065,4.06112379430099,4.061117930792983
ebe69318,4976.0,4.514142656093943,4.5141338837657425,3.604674789941819,3.6046659850304903
96936c22,3346.0,4.502422004547708,4.502420135243237,3.4587935711943114,3.458801372207726
d40f61d5,4039.0,4.454769095916666,4.455049795501807,4.014383936475573,4.0147275223051375
dbee6c86,7369.0,4.445854705373544,4.445559771223106,3.7673078601897365,3.767137677054527
44441e54,4357.0,4.41847434675561,4.4181418294656245,3.5130338590196453,3.5125748808868593
82fcf37c,6014.0,4.394907581890635,4.3949128458518905,3.780313402461186,3.7803117089118388
4ddde4c1,4472.0,4.258680219456193,4.258605699711554,3.635559057314655,3.635498924412967
f2d4c8c9,6249.0,4.225202954662261,4.225148784844684,3.3343427539684978,3.33422338331312
2e29e833,5428.0,4.197487065876417,4.19688762098634,3.406448825787902,3.4061054744995163
4c3168cf,4334.0,4.013846992222328,4.01383990129668,3.4361656730983,3.4365786197636505
a15bc102,3236.0,3.9937204427247712,3.993710342936767,3.12838235566849,3.1284031728533446
d24ff243,5641.0,3.9310327749974143,3.9310062460629402,3.277612791905612,3.277613149827053
63559d57,4069.0,3.829095537786245,3.8290597896887304,3.207060963541159,3.207025586302813
d0a43760,4041.0,3.787112542857904,3.7871628440483094,3.294728912013101,3.294718523677251
153552f5,4695.0,3.7770418910483077,3.777000840448008,2.976241393615783,2.976226548138297
992ce078,2879.0,3.7632358503783214,3.763184837954428,2.8356613131481736,2.8356116924381807
373ef48b,3509.0,3.760332366648105,3.7603014559568853,2.8976241390808557,2.897633478278939
e161bd0c,2949.0,3.716697777825591,3.7166162887243366,3.066481841744884,3.0664598894352473
9e3e364d,4290.0,3.6811754482094012,3.6811097757820828,2.8709685097701287,2.8709150444957747
b7cdcecb,6168.0,3.6792877858042883,3.6792236936208953,2.837114172337371,2.837067925919297
be83e781,3221.0,3.6736943079987734,3.67357180030014,2.530631640436803,2.530617764021919
5bd25f59,4210.0,3.529423509617063,3.529472646063525,2.4803555029249513,2.480405108272046
eb934281,5971.0,3.4698824034747204,3.469811582990318,3.114765254142184,3.1146585135203395
bb2cdd83,3825.0,3.4274700256259836,3.427015369775378,2.669665717991635,2.66909456857817
dd168de0,3304.0,3.4091744079705104,3.409112908102861,2.4006011269495398,2.4005588132063695
39b51819,4231.0,3.386120351516798,3.385933898742653,3.223480870035976,3.2234566448826185
d273674e,3899.0,3.2273243271409195,3.227271226843348,2.533800737218518,2.5336824678787933
aee6393a,5865.0,3.1601728426766154,3.160127836107148,2.7720518926288182,2.771989351743264
13ce113d,2966.0,3.1585764136505734,3.158549610284919,2.6911930622368163,2.691182700537244
2b06ad65,4256.0,3.154826588792256,3.154866282525746,2.8481077322382844,2.848189217663114
a76db406,4672.0,3.064511182804957,3.0643201262590427,2.1931845636655534,2.192846444837985
61f27424,6220.0,2.884493897619168,2.883530348713254,2.185388565217473,2.1844347751647675
f16e25e3,4651.0,2.8542790292511837,2.8542342003250663,2.4038746523070293,2.4037539570377096
1f9afacb,5328.0,2.8218212574723776,2.821848055381292,2.0890753264253936,2.0890625995062617
fdfd57da,5236.0,2.7990009922013472,2.798533849000962,2.374423185403038,2.3740182738004054
8a9c8932,4663.0,2.7132416748779797,2.7134473039893363,1.9243752216292507,1.924637714290829
25fd32b3,2885.0,2.670577533701059,2.670668977329487,2.4518988260102836,2.4521514072652493
41fb0192,2973.0,2.563529775471509,2.5634242553148874,2.2429939093656874,2.24291392388493
da2d4d7c,2114.0,2.4863617512422005,2.4860537131821303,2.0288886289612598,2.028425936755783
653612bc,4605.0,2.4307724545536487,2.430665317833315,1.9525898910072172,1.952243757437382
347242c8,3595.0,2.3016004952389237,2.3014594049339387,1.659801238741114,1.659675375042943
283269ac,2626.0,2.1703238973813925,2.1701650090369453,1.9717857556648155,1.9719129193605183
404c4384,911.0,2.1246879256476445,2.124187221787303,1.9378601949707839,1.9375620431378688
b85f7b06,3803.0,2.0832412039291746,2.083135469784278,1.5791685276069922,1.5792624340723582
fb0904bd,3181.0,2.067739918497651,2.067698284899835,1.8225420326445316,1.822544707131736
511e1db0,3821.0,1.933729507205895,1.9336888560957144,1.6025017899745304,1.6024782656354821
89fdb2f2,2031.0,1.6209020131834688,1.6202602507244186,1.4537388301279919,1.4533633613071302
ed6436d6,2945.0,1.5077829233851354,1.5078716521619602,1.3369317995091783,1.3370777672478162
a9c9b150,3986.0,1.186213034677522,1.1859591478722769,0.9262867997476112,0.9260300249332178
