well,rmse,mean_abs_error,bias,rows
a959858c,550.6567245644936,456.2400338529131,-90.00134519974584,4404
521a7819,281.19032367832745,156.87348284801686,-102.90982260303872,5200
f6d009f4,240.40170496659624,208.43687929914566,207.79516988140674,6715
b95e7121,194.93872909011787,108.41406194109842,-89.7290839016893,6306
eba6605e,163.95034760132685,93.009061674195,-87.85171849492855,4410
25050f63,145.90626825872144,116.05001603474334,-113.78859185539942,6124
155887bb,82.21092262212103,73.03991082828512,-72.71883776288523,5585
1b1eba53,74.42117237915895,70.1425826284061,-70.1425826284061,4655
684a6fc1,70.8079405656595,45.727017678328146,30.473764046216637,9818
86454a6f,61.120566636744734,55.56752116687656,-55.108804674274985,7964
2fd68f7b,57.018354345914524,52.602370932269,-51.8347909607243,4730
f88ddb26,56.19860391930862,51.12933651626497,51.12933651626497,4990
ba48188d,55.89096456241278,46.232135643028464,46.23213564302846,4166
5f4d2a52,54.100517965950104,44.93211583694511,-44.5142656745164,5225
389ae58f,51.906955583160716,49.72887677914097,-49.72887677914097,6463
c8d9680c,48.78949415924928,45.31421289279312,-45.263472981194205,6281
fb03ae90,48.72482636874172,39.8270952169977,-0.9357540394830266,6431
fef8af96,46.98786402060295,39.52794208469083,39.31402163104332,3826
57f05c51,46.46119954306233,40.00488161499554,-40.00488161499554,4771
884ecb5f,46.0557575680949,33.379305010580765,-32.783073607040194,6724
94d813a4,46.02024963440824,40.65064372355762,40.64874338290229,4847
43e16325,45.39295716431601,37.823521881499545,-37.82352188149954,3720
91db7070,43.70067959403655,36.20923289993603,-36.20915644972792,4073
8382f4b6,41.70412452986738,38.883065996927435,38.883065996927435,4967
9d5e14d4,41.580857765162435,39.22298951608127,39.22298951608127,5400
4f3eb9e9,39.09208347279303,29.27431101099099,-27.016808825443803,4697
03a935ae,36.83602181593034,32.13291601270607,32.12826733144911,2786
4c2208f5,36.266997038602796,34.534407989700576,-34.534407989700576,5384
708caea9,36.20205825623633,32.966068765264545,-32.526044131960326,6548
6d6d93af,35.687881567477476,32.432473907997064,32.432473907997064,3595
81bf5923,34.95846729264575,29.3583658520149,29.320229048726137,4543
206b6193,34.31353495542811,30.57132561021951,30.55241435092364,6535
3417285d,33.73686760564969,32.276272940790584,-32.276272940790584,5449
46dfcfca,33.01766439379791,31.2358888386493,-31.2358888386493,3606
7e721392,32.748239091244244,30.63594943906403,30.471927735190988,6174
ab112491,32.70789086594289,29.13979777034461,-29.13979777034461,5185
56b00794,32.47149916019208,29.807379032551523,-29.798802713889916,6065
89f1085d,32.28153720976121,30.880054815456354,30.878721731105998,5994
d9eca87b,32.22622431121398,26.378683332234004,26.378683332234008,6373
da3bfe4e,31.862908464254716,29.032356929195082,29.032356929195082,5549
ad2133a8,31.790322491033837,27.363351822076257,27.15796388170063,5729
ff0aea78,31.726189639426703,29.643159329662062,-29.611804931407743,3261
3f603129,31.461841695980393,28.57072038604313,-28.538955626239158,5051
125be846,31.131487948860794,28.92186906731052,28.92186906731052,6510
896d15b9,30.072009883145064,25.512567856041212,-25.268359983663178,4279
cf50c9d1,30.009363013354292,28.640816753473935,28.640816753473935,4858
46d24a09,30.003416850591872,27.94523748311635,-27.94523748311635,4449
276b012a,29.513817551881434,27.1374986391423,-27.1374986391423,4837
2bff06cf,29.390288059715363,26.267787027160715,-26.17459800874612,7624
f140c2fa,29.30819061207815,28.418600642064025,28.41860064206403,4082
cc8a1d57,29.06384553745214,26.702573431321703,26.702573431321703,6638
91b301ce,28.261277257644593,18.32777803310049,12.49310218327778,6570
1b1c5372,28.17112054252808,22.076488797637825,21.310692806808234,4261
445af6c2,28.169964964199732,25.618959507186442,25.618959507186442,6041
204cc64b,28.10184780733711,22.30349540840764,22.06155895036536,4805
27300fd5,27.879107467977214,27.144572964150786,-27.144572964150786,5467
95c8427f,27.62526720202684,26.157863280631943,26.157863280631943,6335
493b5b31,27.4970473843645,23.789753322053745,-22.833971845958335,4671
2fa01aa6,27.474003056068035,24.090310365637773,24.090310365637773,2174
5aa403d0,27.45946454785407,25.92012609919132,-25.92012609919132,3118
8bfa881d,27.40428773888841,22.128413809695473,-22.102291967549412,4089
53134831,27.099722982093944,25.727585358894014,25.727585358894014,5126
fd8f77fa,27.036756620697588,25.47170081244356,-24.851225280342614,5272
261785ee,26.80303833990683,24.548331192321168,24.54833119232117,3646
8d5d46d7,26.396974921977662,25.51492375667981,-25.51492375667981,5755
197f8a5a,26.230470377506613,22.65640993768228,-22.359313658675475,6310
77e4821c,26.07801641841938,23.739914863154752,-23.739914863154752,5393
44a94013,25.775775095764363,23.736198139232915,23.736198139232915,4903
230eaaa3,25.72978224566954,21.1810683319511,-14.567682774832509,4690
200d233d,25.67439541092173,24.668798610905018,-24.668798610905018,3926
137d1e44,25.56680884872504,21.810668074358343,-15.461850038332711,4554
42c538a1,25.539370543946312,22.617589685759135,-21.266620895551835,3279
14fee784,25.50695108131323,21.106266410736925,18.926102147484503,4910
f5d8aab6,25.48214893704434,24.03961037056643,24.03961037056643,4444
3407f5bf,25.476416695631073,18.00417477433837,18.00417477433837,3638
d7eb0be8,25.374555043940287,19.95130157174841,-18.46054526080899,5401
30d75030,25.27680936899287,21.298743757227744,21.298743757227744,3404
32fe84c9,25.24870602840368,22.874316036195278,22.874316036195275,6408
d924e971,25.096520571462268,19.169759262033605,-13.706418812419608,3184
8f201368,25.048646866056767,23.02105319808713,-22.854868194737673,6349
fbd68d27,24.67386268934799,22.65744687866168,22.562076140383354,6829
efe96181,24.652564365882466,23.923239321909932,23.864941191444974,4012
d84b621b,24.63855299804557,23.89051542330649,23.89051542330649,3994
9bd2bba3,24.19056809499679,17.583565165658232,-17.41401010413169,7439
5beded95,24.08714086691402,22.73746698086679,22.73746698086679,3057
015fe0d2,24.019268729311715,20.896384264594396,-20.756688036029036,4296
d463e527,23.524108364447226,22.750766364226855,22.750766364226855,4767
df71d1ff,23.50368354796152,20.672855730028562,20.67285573002856,6228
466fc788,23.211848275759728,17.26113803277685,-15.864609915036672,6197
c59b6c4a,23.194179461401344,20.72514053319224,20.72514053319224,5499
79507629,23.072805141989242,22.131520126728624,22.131520126728628,5302
11d0f5ac,22.948636182925963,19.909735041900365,-19.896016331227173,4883
c593337f,22.634407696034753,18.117400726411958,16.03004096138942,5208
e5864244,22.55279525214877,15.359231951552458,-12.375774845777034,4469
99529c45,22.518658158866263,21.321498615899348,21.32149861589935,5840
c66be2b8,22.370164793777633,17.33316323938728,17.301924804005015,4154
84c3b497,22.226884191223217,15.563418599222071,-10.223886455267454,5312
fa16d114,22.22109235670957,19.0350373901796,18.473218272737213,5686
46d41ff6,22.208853636648854,19.71138087996181,18.47619132157062,7901
bc4381e2,22.182300749199488,21.710602712900855,-21.710602712900855,4955
8cc800b3,22.152092335700672,20.853409333989745,20.677149087089607,6576
ee288beb,22.136902681368717,19.71028375932168,-13.565808062585917,4638
60e37807,22.085125844160967,15.580263417145963,-14.650535042317872,2699
f074d277,21.962440482396488,20.520896509475794,-20.520896509475794,2453
5b7b6324,21.958180943381553,19.077617613361344,-19.077617613361344,6564
2e63d9de,21.67619764630635,18.970738648662856,18.773220451187058,4699
93f5d2e6,21.393617032983368,14.745993644488317,14.745993644488317,3691
42669188,21.385991912890514,19.222712437706452,19.135490252304027,4282
3a86fe8d,21.368327822491338,19.39076892572604,19.379833049767992,5118
ab18d3fc,21.315762501946548,18.422908600441136,18.10413767882665,5694
4b831d20,21.15190045210143,18.859946021410384,18.859946021410384,7312
df73b8f3,21.11699063023999,16.566501540587716,16.566501540587716,5311
8a89da23,21.073881196149603,19.99200571085508,-19.94637912857343,3935
ac6f01d5,21.024712292742947,17.647257610429833,17.359334467503917,5004
f4d12d23,20.995166177905606,20.003342624240414,20.003342624240414,3701
bf70b410,20.990476206845024,15.53469507022714,15.534695070227139,6347
55efee7f,20.984520691934414,18.215005219405498,10.178602902556408,4801
bb682ebd,20.929667422004776,17.690428117175824,-17.58341318138016,4139
8b5be31b,20.836619006857894,17.86575217167382,17.695342040878856,5672
4a335117,20.746002260526623,14.505853354018148,6.442732910481236,5015
98bc6f66,20.737424196457457,19.653123927536633,-19.653123927536633,6063
b881d27e,20.67556073650367,20.0384615130904,-20.0384615130904,4009
ae8959c3,20.630617841449936,19.122886936982155,-18.9574236638191,4518
d90aa14c,20.62979277786884,17.225296804728924,-15.529116796613527,10018
8612b37f,20.548884549967855,15.279518007908875,-13.400741201356338,5165
96ae5806,20.530481479625845,19.485564522587442,19.485564522587442,9839
f5859199,20.445792799233416,18.96635912523632,-18.93292402588113,5790
7271dd80,20.37239786055718,17.555460140242264,12.057528582726823,4340
9af1ffd0,20.190903701876913,15.779002619724773,15.779002619724771,3525
a4f989c2,19.965608385210878,19.043792050373394,19.043792050373394,5385
ecdab904,19.91939566247984,18.403213908526585,-18.403213908526585,6147
bb337fa0,19.89356930697454,17.138622732039686,-17.062854812511507,6873
35b3ef6a,19.892213285896,18.92690164164847,18.92690164164847,3904
656a067b,19.87919822773579,16.659356709626145,8.617823009123963,3051
368131f9,19.871337800933055,16.14832159517898,-14.838673498973822,4991
3bbe1f5d,19.83020009256721,18.875925773571577,-18.875925773571577,6918
4a8ecc0b,19.828081827693744,17.241876365615102,-16.81984939711224,5809
5a1a8fd8,19.690886298673664,17.7770458027182,17.764584733524366,5260
8255c867,19.591226588907027,17.221227385747124,-17.166883599016696,3589
a0b83014,19.516311164577395,18.560927828778198,-18.560927828778198,5035
9da441ba,19.491551836692295,18.10720597742627,-18.10720597742627,5783
d0cb63ae,19.474752872169063,16.199423467650085,15.628930791725784,5223
460f859e,19.47017265476732,16.143046070090428,3.5998672107496126,3336
7bb17b96,19.39830543565247,18.655852737978865,-18.655852737978865,3922
9896fc0b,19.331818745671143,13.875366553257779,13.292543721669729,3595
b977be4a,19.304148380253782,17.93211711893746,5.950440012531726,5917
a612d5a0,19.29223882319153,18.261451678779885,-18.261451678779885,5329
f8afa78a,19.290826584056802,18.29830202369492,-18.29830202369492,6032
729f4217,19.266205356573096,18.4086799456548,18.40564829173682,6195
0849b4e2,19.048155574819802,13.544233231391246,13.536771331397393,5537
a08d9e63,18.987681477996944,15.88389617452348,-15.67991438718516,3685
05a0ee4d,18.98554765427472,15.43975497082479,15.43975497082479,4348
ef8e3ed0,18.924328273659892,17.03443117231482,16.684682955942232,5224
1550491d,18.886928501986322,17.745678162266355,17.745678162266355,4563
45fb3e21,18.789266385171132,15.350303968003411,10.856372666815219,3649
9a95e33f,18.754028244420056,16.500769199872412,15.178276288965208,6447
a5aa7973,18.686796801418094,16.204065515586915,15.070025917352002,4616
b5aa9634,18.63036229588176,16.56000526337721,16.56000526337721,7326
fde20ecf,18.617919707887268,17.863378104883697,-17.863378104883697,4667
577eec7c,18.468033759617917,15.460139129900313,-10.310818925612779,4539
19fb4f7b,18.402899866286013,16.05142208512716,-13.59730258522234,5620
91abc4c7,18.397118442208054,16.038397801376494,-7.196812263437018,5848
35b30c7f,18.362522547665115,16.991969320410067,16.78368517528612,9579
2ac7cb6b,18.178569462277228,14.135340608505935,5.409083611288064,4990
d011f41b,18.160158282151063,16.345035078226108,16.345035078226108,2267
f2d4c8c9,18.158105781881147,17.51288422272638,-17.51288422272638,6249
543198e8,18.128697701294115,13.827563780765946,-2.012074472952151,6503
0dc835f3,18.051363420703897,16.78233270138694,1.4508952054018627,4428
8478df29,17.952040535184295,17.482410273731926,17.482410273731926,4857
0dc5e64d,17.93144120489203,14.717045654442968,-13.107632902834846,4879
2364716c,17.91169710058929,16.503103070705517,-15.94313525762698,4316
122bd617,17.869358926386557,15.447845336090522,-14.502482949396141,4570
53f23031,17.799183119329577,16.912057683889376,-16.912057683889376,8550
9dede370,17.712246156445183,14.411016428389935,-14.283409775382598,6297
310c71a5,17.70952408954578,16.06836500051852,-16.02370399254479,5245
6e9ccd38,17.68128008794948,15.36779544479105,14.950091918978522,8282
28f4eda9,17.6567246247581,12.727566627244572,-11.596369193772235,5266
699ea575,17.645242785184834,13.950902431729613,-13.933852650004397,4120
e03b45fd,17.633667482677055,12.631785853645153,-9.750749923967788,5342
ee0300f7,17.63259787948954,16.333681792101952,-16.186314756551837,4544
c47e0767,17.612303677486338,15.453541659029153,-15.344110471224822,4356
47222616,17.54755795272443,15.38843153648079,-15.294837022874535,4406
1285a37b,17.54635862743633,16.889669609074605,16.889669609074605,5597
e201fd6d,17.53087741457216,14.125201243925465,10.685587904519917,5070
2043abc5,17.499372444278404,14.844152489539596,-14.33356244484261,6958
c2c6fc71,17.410319181117035,16.19379015993362,-16.19379015993362,7119
ab6fe95d,17.364953767518447,16.17911389673896,16.17911389673896,5491
727a3a10,17.363826292108516,15.714972137726512,15.713578369978753,4397
8ac2f237,17.360879187987255,13.048025104914927,12.686645969192814,5319
37d36812,17.355201535209257,14.996289502418078,-14.689032103533568,4367
b19b0395,17.314352962489775,15.797767017422796,15.222374139505659,5813
e45a2a62,17.194240821082435,14.046593625441455,-11.035354337691148,5007
7c607683,17.134293798345006,11.26575908838688,8.027084998110904,5328
f6824bb0,17.086093292663218,15.031172907745631,13.950497225706746,5015
3a0af893,17.043718396200152,14.403696226052611,-14.011541788504486,2927
591cc951,16.969062070407382,12.328016868058668,12.298046596339,4609
57796579,16.961606090096186,12.068901124348102,-5.888984833372447,5890
f8662c22,16.87663847966413,15.245230842697207,-15.188461444928533,5429
b0d42b0d,16.77987093550987,14.981995659942948,-14.343590504647747,4971
4a035ec2,16.775196387199525,13.975691975384809,11.92033613317674,2588
48c1f673,16.764968028344363,14.902869807623075,-14.333292648581962,2917
9c350a6a,16.763625575309074,13.47246567092163,-12.339558571677644,6052
5fb1c15f,16.75498363303129,15.695914576641837,-15.182922204248761,2860
1a518997,16.68969174608576,15.167577570504609,-15.167577570504609,4606
504c8b08,16.623890258365773,15.304829200255368,15.142465375638544,6367
939d9c34,16.57970014244108,12.428821527739144,5.512574129693994,5101
75d20a82,16.550676086830236,14.407057183526488,4.2681072864649545,5067
a6f967fb,16.47954514841073,15.338016527460974,14.427779934234197,4670
95b559e7,16.46974070446718,15.372997532475429,-15.359695443994605,2887
b37fd114,16.469731235357703,14.076154783618133,-12.604058981568146,8161
87aa3730,16.42434231786213,14.544110299466556,14.544110299466556,5607
9d4272e3,16.42317463277454,15.186881519904396,-15.094290034150564,4030
4cd1ac61,16.41855137999959,12.291456656085769,-12.187892457380153,4489
c1708b88,16.392781637447086,13.484087082476648,12.647752047709837,6315
e0f36d98,16.377045292407168,13.674965938504716,-13.280914316657356,4976
49dbc14c,16.29725004522404,15.310926028657668,15.272908051922698,3872
3584a6eb,16.173735716581003,15.606122966035985,15.606122966035985,4494
a622ce4d,16.12417343620392,14.375559598920331,-14.375559598920331,6298
b38e3116,16.121953283139245,12.95937856441749,12.535624799210382,6211
90386ee4,16.084503499697647,15.03416172639516,-15.03416172639516,3840
d63196fe,16.076386873052623,14.806706120770235,13.360495040266022,4510
cbe51de1,16.061877891059883,14.02024738223403,-13.96675043915158,3963
7d50373e,16.031337744811623,15.355789758139242,15.355789758139245,5122
d085e611,15.923337755680954,13.670912846110097,1.8642612595552719,6191
a8ed028a,15.867271869581606,14.089216841967422,-14.089216841967422,5538
c84c65be,15.862911104209154,14.364526885139767,-13.110626921833907,8496
516088b7,15.856875610047098,14.042935084847365,-14.015749129059625,6645
bd4ae5da,15.844447772659096,14.5362885019416,14.393595844431182,5006
c03fba65,15.783940733891471,14.212269534999617,12.954077221125937,3699
2acc78d4,15.776990582777106,11.802387868740682,-11.590526596377186,4266
f631da6e,15.770421712436292,14.452558256885267,14.452558256885267,4093
bd2c2f34,15.758509000121935,13.650338219727308,7.9822906311789525,9823
cbe62450,15.75660565910739,13.98910123288123,-11.577305440727581,6258
a783cc24,15.578613066429249,11.84769489505967,9.838429703394505,1889
f0188a48,15.488971415707908,13.797644684537946,13.797644684537946,4170
67847288,15.466710277622598,14.5573357200115,14.5573357200115,7429
5a63b5d1,15.464733948184888,13.425671994209354,12.699542137022814,6217
00bbac68,15.462879820190015,12.246200393419105,2.920122192235524,6014
a3f71395,15.422014121405885,14.026774409603268,4.461936091417026,5543
82aab6d2,15.35476773089169,14.03222512331822,10.214985716278608,6140
0bbf5e67,15.3494373953503,12.819342200603659,11.795586465350867,4298
aaaf3c03,15.31708094819835,12.805051455637484,9.346755329933869,2997
071d7b45,15.272617115632846,14.864264498500411,-14.864264498500411,3211
7256229b,15.261130786169415,14.01113372046041,-14.01113372046041,5415
5663b2b7,15.240920673699058,14.018602067305887,-3.142374193025085,4972
14ab73fb,15.210403942219004,13.34099341408874,13.339691123327547,3649
f07d7037,15.187612856319387,14.426863761437373,-14.426863761437373,5563
46a301e9,15.181964999363514,14.127918863079662,14.126799040515914,8226
fc03f21f,15.123091466489113,13.07328061680844,13.07328061680844,4803
739a914f,15.06532359227918,12.481421552458043,8.881913277994698,5505
368fe682,15.039921050459823,13.31039657507607,-12.783575335928171,4936
73b1447d,15.038815164781814,11.990576953563243,-6.820296377794714,5670
01982c1d,15.017585136293542,13.78098084924746,13.780980849247458,3941
633774dc,15.012904791912515,12.987641185230204,-11.278624028309062,6233
4fbe9c06,15.006063778711331,12.010219212608654,11.884877511183037,6287
fa31da94,15.000021831047084,11.822290898812476,11.295753185721201,5027
d2f3b1ab,14.981985159852472,12.912007380424155,-7.796135044007852,5581
09441b8d,14.958263896889607,11.13890991339608,11.120458859226897,5488
b04b58a3,14.93722066013385,12.265421819270761,-4.950175396754223,3402
f72b268f,14.926913998010223,13.165985379787971,-12.716231027825994,6404
add9c322,14.861107043419478,14.030337655498961,14.030337655498961,3932
529e88ca,14.834464417109128,13.10254544713833,-8.578200282961244,3417
3aaa2b30,14.824311872531572,13.394330827228544,-13.066241066600742,4711
70925e23,14.814878572022344,13.276414442758888,13.224444976770807,5947
a85e4bc3,14.806269259892131,12.665459063163398,12.6654590631634,4581
96b7eea1,14.769089498890214,14.151736679774473,-14.151736679774473,4332
c3957531,14.725924368259514,11.363891985626498,-8.165779982401649,5316
84815d5a,14.687226426667438,12.685093791326391,-12.668776320639942,3647
992c99e8,14.683586768543101,11.576375860179963,9.958830908378909,4904
d0a43760,14.664394404134937,12.170402674018998,12.06624422601856,4041
dc7f9757,14.648648753474133,13.03951704424665,13.03951704424665,4360
a692b17e,14.634733109070313,11.559143145306004,-11.444914353614534,3566
e32da4ec,14.617120175379673,11.820027791247359,-11.7423742719118,4689
5567d551,14.527386016284844,12.781970518191345,12.775912216673769,6889
8b12bab6,14.511784383522834,11.202241665866158,-10.11798633850356,5234
4463446c,14.41529175711857,10.716927075272308,-10.542178577277568,3256
b4d8dd4f,14.36124797714057,12.882188724435217,2.8583116357287603,4259
4b462989,14.253016758399395,12.88272330088949,12.88272330088949,3106
14a53cb3,14.201744812805659,13.000357605906538,-12.613899817792936,6919
e2fc7745,14.18272343803347,10.762857167521831,-10.699336260467978,3692
b3388334,14.178930648103748,11.797367767445456,8.198438545443986,6080
5305524b,14.10787032629282,11.410178464512828,8.183363614868775,4898
bffe3082,14.084585456533791,11.064069598747205,-6.932703641741726,5723
eafb863e,14.076237730843793,12.346678642051495,-12.346678642051495,3568
1a730ac2,14.074156349526755,12.562199385006199,-12.562199385006197,4605
3e011332,14.048570341467938,10.664694064028788,-6.337534350227098,2723
4c3df468,14.025970831093378,11.653482815667036,-10.76362711901149,5392
d41beaf2,14.000683989117146,11.31145955055883,10.810949509441976,4753
b4f37e6e,13.998781432086679,11.097155358706935,-11.092398176339199,2992
47ee27ab,13.989497145593313,10.496729653295144,9.919937461723455,6397
e7d0c1de,13.9551055928524,13.334589192072718,13.332803201173425,4711
27c3155b,13.925727888226792,13.251507636256731,13.08511398548683,4958
153552f5,13.923661284324721,13.529801216936393,13.529801216936391,4695
1a68190b,13.888846947245483,11.499279120771291,-11.464919349651215,4474
7850c72e,13.848205635497326,11.135636481001853,10.11049665916163,5497
43c7f85a,13.833562844439196,12.231799272007827,12.231799272007827,5978
9ffce529,13.813460082835665,11.365215698202489,9.853360976780365,5212
ed6e6e54,13.794933873415228,10.288840513658268,-9.303343294594937,6048
75c20ec7,13.718917629732047,11.782321736804453,-9.361129752647155,5361
d6dd7330,13.695345137612454,11.488143541017951,-10.495033355938345,6193
807f0298,13.616024560605268,9.432953314728056,-8.632011028226504,3747
7acda2df,13.586068931702382,11.567022854746687,-6.903510286601302,3091
89969c7a,13.575542730985465,10.69683489000646,-7.203916467793705,4947
861e71df,13.537051030114261,11.121888012047473,9.334282088039327,4700
efde6ac3,13.532494838067644,10.82684305687822,10.290111810144554,4559
15e154a1,13.513966601330315,11.239975323819385,-9.758850156541026,6068
b7fea9ef,13.509197038613769,12.512703973062719,12.492133582878234,3866
647f2a41,13.50251855584507,11.71046514665982,11.71046514665982,3881
09053135,13.499759628536575,12.65233170154633,-12.652331701546332,5907
201661b5,13.488701122568376,11.435883414824579,-7.422300711983198,5955
6d1d74e1,13.394591201355148,10.413262189993263,3.4732318852870967,5830
a48640d9,13.393974858295275,12.751275845238027,-12.534541418048862,4532
3932faa6,13.385734572390675,10.764896655143216,3.9746435344559066,5452
bcebcc5f,13.378987527419673,11.029295004067784,-10.13805950452254,6258
9d3ec64c,13.3763972283414,12.393161446716734,12.156586798801625,3480
54753541,13.359944371922202,8.738753815572856,-1.5631581275826616,4026
974802e7,13.301222251206056,11.647167273469858,5.979071975437377,5843
26623a50,13.299488890578468,11.878229016979178,11.485291251743593,5735
be83e781,13.175212245696391,11.69825078013593,11.686010874684806,3221
01869cd4,13.17201891512946,10.571192784157324,4.248919913163895,5557
a7fc3e6b,13.144958721427335,10.085207775535814,-8.55441826637984,4764
7987f2f2,13.132009306961459,9.99003158554678,9.003465213681823,3705
3e678ea7,13.118340927816037,11.644650187779826,-11.605512360972675,6858
4936af16,13.049118917899644,11.029372610427176,11.029372610427176,3991
5cdd8dbc,13.01791097426183,10.435258430149876,-5.259483997508912,4010
b56bc0aa,12.946836184380496,12.106828298048567,-12.106828298048567,5602
29b24409,12.92395697738202,12.022701675406871,-12.022701675406873,5587
1e30dedf,12.88806682340035,12.043304336662693,11.937385302776638,4071
edf885a3,12.876231251541615,10.200659095047255,-9.993398612616181,3117
9426ec1e,12.69859041376283,11.735140457090022,11.731693377069025,2532
ea3a0e38,12.676754617207118,9.994527908255078,0.15690789447245532,10052
084d66f9,12.663391925588623,10.675318333849345,-8.065206727928643,3885
cad13e8f,12.655744746297849,11.874917531690212,11.491568313088221,4848
7b2c7b3c,12.63420517534329,11.409638922901701,-11.409638922901701,2584
e97032ad,12.613659828646615,12.122016047188948,-12.121877802615762,3530
ec0d597b,12.60862431659256,8.59895704125818,-5.907259241295607,4616
12203f2a,12.606514404677128,11.18633053649352,11.18633053649352,3261
481de5fc,12.600137821361253,11.071558335050536,10.687220256325457,5952
d0a0e7b5,12.594601009317111,11.372422396806693,-11.370912663750948,3816
eeda36f5,12.594300717406812,10.981592636674325,10.161909675645845,4797
13f598d9,12.555356561782178,10.138299967751893,-9.870180713901833,7306
67a8da4a,12.489202996086993,9.25066051735177,-9.084287554283456,4911
1131525f,12.422735756210525,8.800214506687812,-5.320133802807869,4159
173ed841,12.366667871290671,10.535362581294025,-7.399485921692375,4883
94467f50,12.341735228824854,8.410499424211533,7.839576493978739,3035
a0383629,12.303984722995038,11.027087149829155,10.373686886969073,5832
4121c517,12.295907898918687,10.75611744205053,-9.27611335182737,3723
3a223519,12.295579678655615,10.917510768847718,10.917510768847718,4583
203721ab,12.275126858682388,10.255958381291041,9.298978111068779,5730
eac10e86,12.251819373732246,11.66074839897106,11.660748398971059,6067
da3cf798,12.230575356472041,10.697975184806502,-10.487346265308679,5844
19137a89,12.208826435775364,8.642693951626354,-6.368042863013452,6267
8bda1a11,12.129906921340732,10.143863194421419,3.540812535350054,5981
796dbd4c,12.120656787394074,10.87222059930563,10.87222059930563,6248
37344c2a,12.112509159483537,10.230199045375581,0.7040576927283249,5197
7ff89f8f,12.075381001109639,10.650774186916774,-3.948404065203375,7337
df8290be,12.039275265531172,9.686607067159896,-5.471252761172184,3972
7d57c75d,12.036329585774189,8.494289379904261,-8.112770816922646,4405
89f36adf,12.011775617728047,11.28374754439101,11.271964172537299,5292
593876b6,11.995863958985337,11.16130658037256,-10.564256276227118,4842
c6b782a4,11.965207123604802,9.791755778884633,8.453889048172794,4877
70e1788b,11.950457147219884,11.032916429274437,10.352323713640839,9285
16e4a047,11.923328697219892,11.32718299609779,11.322990145302054,4131
cda7eb37,11.917704687859436,8.231278852992606,-6.1521795065652665,5973
d5df0ff5,11.908713310900819,10.835052869038963,10.650956228137126,4032
272abef3,11.878901100842853,9.837441586173242,9.778185207447091,4135
0955cd6c,11.86138137473801,10.278225625069446,10.132299312232623,5195
722cf0d8,11.819303059677981,10.497338660997798,0.44940945216693645,5143
5138a660,11.81574238554914,9.728068298401007,-9.116163473148589,3559
10b89021,11.803311461536893,10.65781299392053,10.436884656568882,5414
512943b2,11.728589182715725,10.822539667001863,10.822539667001864,5029
a79fd2e7,11.702090474785754,9.290499997986823,7.313782888741726,4404
f321a31c,11.682845487788935,9.607544027986451,5.833124942337961,5141
33c40295,11.675265809444667,10.254484203930689,-7.972205806492482,4169
6e6d122c,11.66993965214655,9.212424812118327,-8.792636045296522,5632
43b06c70,11.65162693334284,10.38416681546262,-9.99853182713578,4846
4cecf7b3,11.63075075416549,9.622842296733142,7.068627260345663,6019
3b21ea64,11.578074600836333,8.917183367206135,-0.855987689967029,7376
6a0ff78e,11.57177085217669,8.909100110368195,0.6614042924313284,6465
2d35f86d,11.560568052408806,10.813571866908134,-2.7976785340463324,4896
c908edd0,11.522975255695385,9.124137298131016,6.47377917652719,5293
ef04658e,11.5193649440814,8.522913180410624,-7.458472316389536,4104
78a4a386,11.512024429931637,9.313652459886493,7.70256366731664,5119
a0e92ed6,11.507876595409668,9.878038590466971,-9.740479628636022,4897
19871e7f,11.467942219928318,10.713127767351361,10.713127767351361,5293
925a7cd1,11.464962877458577,10.571661504230116,2.9727402598589547,4517
62569ae3,11.464444259709943,8.493402405119657,8.019460440685059,3588
febb4411,11.437680315397007,10.208907431274206,7.589761718173638,4247
81fc01c6,11.417199161055064,8.161449054580391,-1.619745939391143,5909
f08774c3,11.41325179629275,9.351176777370412,-3.716341874177484,3900
ec13af42,11.412949594891936,8.494878556963815,-6.619410365038714,5462
52f1e77a,11.411104706757536,9.768520154674457,-7.174213631182673,4442
eb640a35,11.409540327782166,10.751025739776509,2.9943416352923617,6037
a645da9a,11.382501109678357,10.52222890302872,1.8204016521345558,5153
08fecf00,11.370201477932456,10.42164407824631,10.421644078246311,5574
940a48d9,11.349137467972328,9.869754651426364,5.813779798268036,3963
2ddad940,11.309532272718856,9.370368193566101,7.64533171951669,5331
f053a1b9,11.289805280067018,10.392907988281932,10.392907988281932,4108
5def1ce5,11.284259691047733,9.879187522040596,-7.833782928361936,6443
5f6756c5,11.278052238952318,9.998287403265389,-8.691364323582391,5931
4630ab92,11.23882086017392,8.48312871879327,8.090707524231991,3373
e9949a23,11.228708882250848,8.51118707530484,1.8338467896432815,4559
fae0c593,11.224355229004136,10.207085300145016,-1.9623900531429979,4403
e25f1537,11.209583578841352,8.678857351745492,4.85140017049436,3177
3a7dd95d,11.20572594830302,9.119583876682384,6.687222543566674,3072
d1ee630d,11.177397992893287,9.769340871098953,-9.71522096469433,6290
c03d4aed,11.176165953196794,8.966054558124636,-7.400644363711746,4641
660d9546,11.163327122742057,8.680890630195591,8.64087838226093,4732
2b547943,11.152483520609673,9.468653001942291,-9.377331824829518,3480
1beca81d,11.151724330869094,8.83404224435736,8.51787384294264,5036
c99f9fae,11.151484353187676,10.332362405706297,-9.993376762524814,6361
65a5466a,11.082611696927025,9.522422518190583,1.5581575229380078,4683
a4cdbb0f,11.06150248877082,8.58305744450685,3.538494021859073,5204
f03f10fe,11.05591970206863,9.391367924437848,9.276693368617336,4145
463c38f2,11.00741714842635,9.563846206610435,2.0620943279440147,4460
833af382,11.00080697527459,8.821418737380315,6.607665438185553,3628
e3b34f5b,10.966321877782415,9.300452294209986,8.342303442859444,5455
c50b42f6,10.965574002231977,8.635551537244602,-8.27687462242339,6014
0390d174,10.946111348140699,9.705943218742311,5.849630163278923,4411
8d92cb49,10.945376598444355,8.227298889762656,6.504314775030974,3589
38991fd4,10.940870331870542,9.212406495874571,9.069845059510763,4798
bd8f847e,10.93731489543724,9.575135685457074,-9.458386199947876,4961
9a6b0392,10.929147618106288,7.564525800192367,6.767470651403728,4255
eabc711b,10.860827103820512,9.076838145883691,2.221330703695228,5348
27ebb9b9,10.790554371928796,8.189721848743984,-7.413993485056273,5766
f49fdea3,10.786538432377808,10.31141759002156,-10.262365592475902,5391
177622d7,10.77804640941576,8.758582931550233,8.758582931550233,3154
74b6186b,10.777092067903874,10.57887934299052,-10.57887934299052,3405
028d7b28,10.732104840073713,8.632282526751494,3.54433937274493,6234
beda8696,10.718638652655992,7.863675606905394,-5.245233170399224,5912
cc08aa63,10.712598405229318,8.981635258845365,-8.570932501687007,3274
8a3da6d1,10.69984819198448,9.12550512928677,-8.63948528151945,4593
12f0cd90,10.691074915087412,7.835539218060421,6.983761091164272,5947
c1d046f4,10.676830511965873,8.37089305987688,-0.04306546640921263,5513
2d0c268a,10.658138079669042,8.435988940647,6.807423327802626,4550
c9e6734f,10.6547147957951,8.703371224924435,5.123131173673584,4735
ab3ced07,10.647500794316699,7.681455981967178,5.596222666212721,4250
9298ad5b,10.600937594971752,7.811643028717238,-3.6922602175857855,3964
fa667be2,10.584944927237084,9.515499962937437,9.515499962937437,7296
995ff498,10.550588885831893,7.728492253161088,6.093477116724936,4526
e5c92e59,10.518152445632767,9.410988036371158,9.291995894566895,4295
69c1bdad,10.495260271265245,8.52988998184926,-3.9007379018599937,2714
264feceb,10.433739803553959,9.910273409783269,9.910273409783269,5665
698930d1,10.431108317778854,6.16806440874867,-5.734217300290689,4741
d9d6d94d,10.420308374388544,8.965502230224875,3.1730394256424814,4919
2075c696,10.418711643728976,9.481713879225575,-5.45704436271348,3188
9719aa04,10.403362343830437,7.784238351976659,-7.68344056219279,4871
7993a768,10.39262222032383,9.39066695498318,-9.297861877947936,5487
25939962,10.366401085872232,8.872423433355094,-3.363842582199616,4319
5d11dfb5,10.358403902314334,7.8505560668449705,3.8099170017491626,5895
46a7190b,10.347613488216087,8.11403290210117,-6.114118315933448,4215
ae069086,10.316804429820115,8.761984147611056,-0.7831102380525171,4770
9ae248be,10.271770837196398,9.395939509953905,5.5988177509383945,5271
d114d9c2,10.253314076115693,9.19916573880402,9.003405653114521,6206
cd7f1687,10.252821255815897,8.464470740350876,8.046106283473929,4232
a7744f5b,10.2506571904642,9.219267726327542,-9.219267726327542,4377
000d7d20,10.223062231211546,8.87179905857813,8.856852055535544,3836
ea0b99b7,10.213882877480943,8.5443656887299,-7.590892963499744,9239
fb73b13a,10.208262525580793,8.504002059259673,2.144400370982619,5640
a056d01e,10.192818523615657,7.9858116125559,-4.395054268794387,6557
c2717d4f,10.187675460799994,8.93848243397258,-7.689067673936257,4721
9d072e4c,10.14465766923595,7.928585764787747,-1.5375244102307066,5107
e14d641e,10.135745843063678,7.817441471982888,7.753192866185943,3184
7224331b,10.130150812582022,8.390967806225246,8.368986471745288,6063
c96c018a,10.128228906497808,8.941208982342385,-8.248762354238309,6236
374be387,10.117611352539818,8.473064460491349,7.998479572452565,9965
e6c55748,10.086487397132558,7.552741400062931,7.046699075939982,4472
ce55ba43,10.063101696905647,7.475521628510692,-6.894782498975991,4104
6767c111,10.058324157507416,6.871253887169377,-4.908890322799219,6783
729e9750,10.049403302567159,8.554808867784576,-7.323738849444107,5919
f9fc81aa,10.04513103460457,7.643110415400595,2.1949871771721963,5598
8cc21f01,10.007580980103684,8.881778503791008,8.51649464705449,4044
c42fe306,10.005846285403571,7.156094774074514,-5.626666663133041,5095
2fe023be,9.975898791700674,9.1003068702701,-7.544662886659388,4221
ff8bb73a,9.975410866480004,7.15947560754271,4.125644704991787,5927
b1efb8a4,9.973454317042945,7.187152331279935,-6.960249156349153,5998
1fdbba44,9.956030339432735,8.054825043439319,-2.150019533525717,4911
cb879f40,9.90020350671956,8.696161562589749,5.4529938607588715,6315
5693dde2,9.88229023726635,8.757980133232953,8.737003314048602,3488
b585b4fa,9.882039131176432,7.968357013609341,-3.3970902661734166,4294
a247e7cf,9.871347911119237,8.812462032094409,8.812462032094409,5674
eb06a4e7,9.864914051239705,7.025157719813026,3.9976137625679313,4535
c9578d27,9.864229937389831,8.015510330468329,-2.7302320010292527,4487
bf39bc20,9.85147461000652,7.229431301810645,-4.482246292512877,3303
d1ecf309,9.822715684571213,8.466560248400537,-6.680907913208578,6168
4f69febf,9.812462149739352,8.997455011086974,-8.835473622324404,5460
c70c0e01,9.798657736824504,8.260698782084184,7.483667001649395,4312
87695469,9.747226083103508,8.764377573985193,7.134243422089857,7003
ecdaf714,9.71753989044576,8.149025738762585,-3.7021591948458257,6592
3c3dbcbc,9.701240516511918,8.22394849194362,5.427066389660568,5069
72dd8501,9.6873836770768,7.947891269929077,7.947147799325131,5193
e737965a,9.599618340203614,8.240090085055627,2.121279978505419,5955
060ab2b8,9.583332642925331,8.532356076847723,-7.38339745139428,6258
5aef5c6c,9.565858488139924,7.511138966165267,1.453931922656171,3121
c36625df,9.555331280121338,8.764506071007327,8.764506071007327,4742
6ea22614,9.535134256497464,7.741809152076268,5.745993372066039,5971
10be2420,9.530674783473232,8.643753602839567,8.640904978617888,3271
7b38844c,9.506758833774036,8.75991943786767,3.4032881445741388,3749
9ad5410a,9.468814548531258,8.429308595258554,2.8669036437803412,4205
ffefef30,9.458502864608278,8.092782928817204,5.759917728671823,4570
1e5e3573,9.39240161773781,7.906756321761722,-6.811001976979179,5480
9a8ae0d6,9.370288902828557,7.151597715773135,3.700794803535882,6294
198a5607,9.348081632411636,7.3629585449486,7.044501530296396,6251
76201745,9.310390682701113,7.901676457903817,-1.8542192699314677,4448
54a7e3c2,9.249302173553925,8.232359274780196,-8.012470806814727,6155
eeed308d,9.232648823181195,7.675487629149275,-5.03448402281551,3899
9b9e3b49,9.227105234257552,6.243935913218854,4.317193412215104,5118
0d99f8e4,9.226585045004564,7.572640135860956,5.249055912444447,5823
0e5e560d,9.193472789100161,8.39288300491822,-6.900630186780767,3253
06df5958,9.166043510748404,8.478957178606995,8.466337567155357,3509
5254b6db,9.147549452550864,8.119225159935564,-8.119225159935564,3274
a6b8ac67,9.13005133346274,7.883299461828713,0.10024606470734981,5453
2d9f6cb9,9.117016876942595,7.611629789477592,5.909558061057608,7338
6a8fa194,9.115774095313665,7.59232058749912,-7.390399637554349,3017
1295a25b,9.106379075417475,6.894345049170995,3.14946967374012,5551
4f4afcc6,9.102419844795582,7.381356120614935,2.3700509961898693,5645
ae0784a8,9.091264688037862,8.177843270127756,-8.016494530895775,7823
b8c49c1a,9.020850853004703,7.0749776151290815,4.620830192076128,4319
2cee0cba,8.998479913158498,7.247188859089618,3.816421922064279,5500
fb3848a1,8.992887145108796,7.853860099455547,-6.752741430884829,5919
be063506,8.99133468240219,8.321526243334336,8.317050507248176,4500
7cbbd047,8.959251068655895,7.650102990422737,-5.0821263401743035,5121
5aa03df7,8.958679281175037,7.035410976515753,-6.67727834410615,4871
e0079ed1,8.953842881773449,7.129324844671757,-6.710709711848076,3471
2e43c2ea,8.935700648482701,7.093404798107387,6.669056432638627,5698
0c1b160c,8.933410519198741,6.655740187133339,-1.1937688551180226,5054
2d196986,8.917983564282734,7.309261005529715,-0.18377987895951425,6474
98177ced,8.916701028512396,7.504994377703259,7.490812965841644,4772
97cd5bf9,8.90084525925016,7.663596395332244,-0.99687950581233,3449
d3df146b,8.893776710971558,7.240303191128512,-6.860617832560277,5787
da2d4d7c,8.85903065603743,7.232185004621948,-7.22044465449426,2114
0dd99dc5,8.856637191358537,7.726279008960596,1.5647469747828158,7342
3ef98781,8.855371536524576,7.691904581197751,7.583872696856775,3892
052d64df,8.846886309951406,6.252361060584516,-5.420147419142057,2445
d00e7eb9,8.833447635787415,7.880089223166048,7.723832631224852,5704
764072a5,8.798898597859711,7.318686237976265,-6.902277517533333,2949
1770d7c6,8.786283533689982,7.241031697497277,-6.6091435861955015,7240
8995c945,8.751411439678327,7.13998467186285,-6.52945178038469,6724
109d9d70,8.750672200873911,6.70729672607516,-2.436714582503362,4215
a87433c9,8.746005410132737,7.4090316835741925,6.5845270094425326,5721
c9e980e8,8.735363624206855,7.8915947931006505,2.884817741455712,4359
cbb406b5,8.729545591459544,6.547741924233482,-3.9331915705134333,6328
23b9beb0,8.717937176745595,7.617516644631034,7.467541511644641,7340
58850d2c,8.705817887289012,8.10262619479449,7.52358449004195,4995
5eae34a8,8.705023394720934,6.541541269918495,4.198165235410914,4904
059c8f24,8.663129932016941,6.926920850215763,0.22019896597133165,6258
3ac16ad0,8.65240889287117,7.520027671598747,1.3521268796132908,5649
dd6bc5b2,8.638423826040796,7.499259144940873,-6.887806570397089,3602
5d7198fd,8.630817235099698,7.3191105033363115,2.8647279526866707,3368
9def2eb2,8.605742605272173,7.48984877268125,-5.853302656555323,6003
1bcb2fcf,8.5975872313585,8.082567687763268,7.411336522623701,4524
3ef6372a,8.595668080428272,7.485008292268225,-5.917483592478895,4727
353e5502,8.584033862056325,6.981825846766008,3.7051345424276505,6062
dd7d638e,8.576481613559281,7.358902219589212,5.473520030463552,4301
729665c0,8.543919819107805,6.673128652079327,-1.9951989199765234,4263
9c211c53,8.518475268450507,6.7684050160096,5.684721606685216,7265
f40cd091,8.511724189847538,7.2201802543276985,-3.277558628900697,5166
fc0d20b2,8.469677035847965,6.10627471532687,4.914314100600453,3954
a2e8e7f6,8.442992713501614,6.878268770575646,6.105569886136953,4760
3a824aa7,8.433434065693413,6.877219263467565,6.6487614980383,4201
73348914,8.416957466647984,7.52377075586494,-7.523770755864939,4221
044af7d1,8.404013640251794,6.67522450585552,-3.5371531674654686,4519
a5e6f7dc,8.402319101981961,7.141998568256571,7.127210650468284,5649
c03b9305,8.389813989275186,5.55519052391561,-5.277283697200974,4255
bd6f0e19,8.389299866521085,7.6789882340412525,-7.672614154114429,5140
cdc60a53,8.37320742735837,6.878510229080101,-2.615212419059959,5878
d1457cc5,8.34498659471841,6.8258811649000535,3.528442090621385,6920
58fa8486,8.338399867296037,6.550571258198659,4.038305067188254,4475
367456ce,8.311688299187368,6.579331300934268,-4.086463240475228,5569
ebe69318,8.285469763589273,6.286357639929079,-4.632120303980671,4976
e4726608,8.271651363404882,7.461686466865328,6.525905705740245,4733
d40f61d5,8.250708733440336,7.778315797655081,7.767906260452756,4039
2b034622,8.238777674670446,7.538748299949255,7.527272345953934,5203
75cd5f11,8.161645408792591,6.867985975041005,5.66721024536354,4946
ccedb12b,8.153323893009416,6.606821671227016,-3.3459069330946463,4401
6d590e26,8.117737148331589,6.380543074873618,-3.3732332937193106,6096
b0f53bf4,8.110231051135813,6.224754985472939,5.582046477976834,2755
c2c4db09,8.062869257824138,6.6751425620712,-2.9865918397959033,6039
d7ba4f9d,8.023199302542892,7.247960603724772,7.1758069130674205,6023
e85074c5,7.998554429734395,7.223869566984388,-7.0420477757964255,5675
7e208414,7.987906241785156,7.091435362425999,7.058983956004877,4226
20402d71,7.979790010958339,5.71614969617593,4.963121998100523,6372
1fee2b62,7.974448600945531,7.134386178359739,-1.3746919889792286,4641
7a5660b0,7.967441678527116,6.795856713945596,5.303184156822303,4998
5a5269a9,7.9583872199751315,6.6101930743214075,-5.0679174356499415,6513
abf460d2,7.955316863359418,6.737636850250837,-6.335217257733228,3217
e730c32b,7.899646799989028,6.915920362394883,-5.306050993821973,4728
3df4b19e,7.896100805313832,7.169401054048946,5.552595577552878,4988
a4719920,7.8842638406623005,6.582963269888664,-3.5832027186483653,5884
71642c7d,7.878560692565291,6.163706510661746,2.631351923899712,4648
aed44918,7.8336663829194695,6.509915626069803,-6.435452787599418,2719
e7818f7a,7.825014880982634,6.932278746875037,6.9058055248882555,5371
9283ae69,7.799923458740216,6.484571034449383,-4.060933853979268,3371
9ab94eeb,7.784455328075145,6.964207042512678,3.6267175036333588,4442
b7974e66,7.752462506619721,6.0359989387433695,-4.925025048171971,5558
f6bc699b,7.7293766533088535,5.820532866657793,-2.7523097557057503,3752
b32e4903,7.727731283317094,6.289802131833677,-4.22389465515499,5770
726f3dc2,7.6813470205300005,5.462477704036323,3.7500282473898627,6723
1b08ed48,7.663970495757364,6.6411279914095775,5.215945954510734,5618
8902c3f6,7.654585864916079,6.065382353571901,-5.768408275065574,4959
d9ae59b2,7.6304426936235,6.7878904611539825,6.588958349848313,3648
7cd4bb31,7.612188854200956,6.2443895176535245,-4.403129450047949,6439
da940160,7.604233411461625,5.869891772163664,-5.715193308449389,5132
fd3b4faa,7.5858052635522215,5.978233897656199,-3.668504578796581,5022
4e050c92,7.583481341795152,5.583745465821945,5.0414200014428845,3705
93209a3d,7.55729462600368,6.722267915585014,-4.91497789118601,4697
a15bc102,7.543082403647071,7.059347571414104,-7.059347571414104,3236
63559d57,7.532632576841699,6.841687024775367,6.640400717760749,4069
8c167025,7.528084083785647,6.21657657417172,-2.8402314024384037,5368
5397ceb1,7.524457553756448,6.195536210173063,1.3363499551969023,5255
5542c301,7.493992114346259,5.920837935561696,-5.801719402781075,3591
0a57a29c,7.4939028331579625,6.693000105410682,-6.515738979861979,5821
3bfee975,7.4823476353105605,6.100697545237319,-0.6001027273512393,3603
0be01c24,7.452930218445882,5.968967518976941,-4.406301619107021,4738
8050c789,7.426736400312339,6.171473115686598,0.5831008704581822,3077
ee4aecac,7.425354294533413,6.814963090537022,-6.814963090537022,5265
e161bd0c,7.381931803275725,6.176573583375681,6.081754052185426,2949
5fffa282,7.347003177493282,6.776716101606513,6.765013931062001,4201
2d179ded,7.3370148557606285,6.341325397690955,3.445531177353925,7008
1619e2ca,7.316757840661208,6.129631186186342,-3.4626798465374025,4443
24d8997e,7.301882402529112,4.601645966287414,3.87324621127048,3442
f56d3ace,7.291732921987749,6.0897464204430785,-5.931583819189274,5432
05948241,7.250772358771943,6.277646153129218,-6.121268686460897,3879
69e41fa6,7.247425057683486,5.849528129831349,4.8770425531030925,5772
4f4ac5ce,7.220030541596911,6.378477990149748,1.8886062586877042,5162
1590af81,7.210540512008892,6.601033894629051,-3.6698895944613206,3799
3690a146,7.196549723597984,6.432970159042947,-4.8685355397127905,4073
a6ed2eff,7.172784520417443,5.385794375460336,-0.20432803547085,5275
8c8348e8,7.168588394985455,5.50519807359394,4.26267161631112,3888
1b6ba517,7.167048131382148,6.337709733627097,6.218780925233015,6597
a85bb86f,7.131807435347186,5.733144098921767,-4.7019068504942,3099
1d78281a,7.118713666228108,6.153866401733811,-0.0622629159401743,4949
dc7da28f,7.109868001808293,5.685176690692016,3.0003598471320894,4774
cdc31d65,7.1032972571582915,5.573293153485276,-0.40323995048162553,4840
96936c22,7.078726541546234,6.26322712938892,6.080862970195458,3346
8b9d8326,7.076691163627017,6.366937967197547,-1.5660454586762982,6163
62a6f539,7.074120058647406,6.137295653229063,1.0444190715733679,3693
dd168de0,7.070650950967025,6.66863588657075,5.669716843532877,3304
22c5f93f,7.044852838322775,5.421757449199073,1.6607526435164377,5172
8648abae,7.037422628275558,6.0122170806361375,-5.992118387170377,4244
84633df4,7.024280083875333,6.241584552261737,-4.7036535426023205,4972
d6c320d9,6.98141883898825,5.781306965458245,-5.556229590878143,5452
c43812e2,6.9525356775987746,5.449361100143339,3.6354269819444336,5527
02e7fe5a,6.952119627375572,5.368231491044948,-3.778842149391982,5108
13ce113d,6.944192076469335,6.201655863864746,6.090531228263549,2966
877ed19c,6.9302099661648455,5.32198312351936,4.690065500755255,3708
00e12e8b,6.880127584369157,5.4088235631743,0.3952517613424499,4301
6ede926a,6.846675383043776,6.056334848452276,-2.1001959638429395,4938
f8f59188,6.81687378163294,5.1944704360964975,-3.22001775213018,4807
1b82b665,6.815492608327981,5.664863767439562,5.468279234245408,3806
ddc790ff,6.812143270008357,6.257608358916561,4.922536846591832,4726
ea41324e,6.810680768008232,5.618907469730991,5.5246049333445875,5025
20096916,6.796631358988517,5.408704266940813,-4.864444983556412,5133
fd710aea,6.7900919403011635,5.9905124216442625,5.5858390967769305,4217
bb2cdd83,6.761073065573177,5.254035472372578,-5.165003219695297,3825
4caa7289,6.716712196964336,5.514360069643745,-0.2208817499800373,5396
d543916f,6.711838939670194,6.217234554310476,1.855799162441828,4799
77b0d905,6.704208114045802,6.260329368908914,-6.136355467380049,4174
6dbe4b60,6.692766628115439,5.136608520095617,-4.0350383795125,4648
2b06ad65,6.657867476140273,6.360541637950403,-6.360541637950403,4256
65156b96,6.6414768190575595,5.639709189184659,3.343591429697994,3221
eb934281,6.604631562919508,5.605798766375706,-5.585985401938306,5971
59f8b2e8,6.527120209735902,5.2813063951391594,-3.721912304712162,3747
14ad5efb,6.526823668232114,5.011510601343732,1.790011656848263,5842
5bd25f59,6.514476956457972,5.353152904206772,5.007924998669652,4210
d4f60a28,6.512695202238617,5.086080993811587,3.30927056165237,4501
944f36b9,6.434259665697382,5.875739089027284,-5.654293308825837,4630
f021b650,6.424274263649846,5.117093591942289,4.734571186204734,3739
9c8375f7,6.40410490694827,5.499799159618332,-3.347571207152609,3674
c6797dd7,6.3795848073999375,5.234416559685588,-0.4300457893528313,4664
5f75f796,6.365756777296166,4.8248182143102065,-4.476518677060654,5562
dc5fbe29,6.296398297053864,4.928581886143736,-1.891780152832704,5203
aa95015b,6.254198565741894,4.639783876349807,-1.7292487685530513,4300
f16e25e3,6.227206970469124,5.52302418947818,5.489037764875993,4651
fba7683c,6.184691846608243,5.747947241996143,5.624629921362243,407
9efc812e,6.162296137412466,5.357011634210333,-3.6066479461609178,4450
992ce078,6.124913478695134,4.409857611169455,3.167808834727706,2879
d60430e6,6.119948320309219,5.030571391739166,2.3715774737819078,2511
4ed93db6,6.076546550180156,5.50608111957556,0.38772522371451035,4657
cb34231f,6.075354868426326,5.4985014986625655,-3.5441906053883314,5609
1aaf1da0,6.043881944349417,5.503096748660575,-2.658918369499805,4804
6ae68655,5.9876666669799805,5.390051978416387,-2.6964577605258238,4204
f439a621,5.986360828358804,5.142538805523563,1.7055364897151923,2821
d24ff243,5.964219834046216,5.543716068348052,3.972134689560058,5641
a3518960,5.922584231423904,4.533571796693569,-1.4504346965532187,4967
71ccf778,5.875202985615997,5.191527143258531,4.669687020439028,2698
404c4384,5.86495585638459,5.40974408208489,5.360668408988986,911
865033f8,5.863302083015945,5.221495460717878,-0.38571269437835887,3557
aaeffccb,5.83075479478528,4.3514545313042365,-3.320676256149139,2712
9dfff011,5.820681139858421,5.388549428238762,0.9875817205315885,4319
85380836,5.796949464579036,4.53768875044926,-0.31062712885139676,6618
dafc88c3,5.79013930989324,4.851515851409872,-3.4854393433096464,5572
b32902c0,5.757155416154567,4.444024753829754,1.23880591398605,3808
c07fd0cd,5.7530152466368865,4.4014456856629,4.1278691287246465,4191
aff4e561,5.749766727551772,4.719868828773543,-3.5906212411245595,6026
e149204f,5.666981040520134,4.859594397071371,-3.6575086006793125,6097
9df1b1f9,5.662254236546938,5.028077773254511,-4.28651447243062,4701
82fcf37c,5.642781214700656,4.620768348376542,3.286400915926398,6014
26d3a96a,5.627617661798212,4.500151711784849,-1.9154113537914443,4721
b7cdcecb,5.616754880564609,3.7328155047396474,-2.0072954295595333,6168
e748dd88,5.517807161673053,4.106258777342836,1.9030346177065618,4812
39b51819,5.505206469293963,5.007678888593197,-4.475221177024499,4231
10a1281a,5.4956183477848395,4.638444350567098,-4.5848411975188474,5609
9b5b61c1,5.492608835587187,4.986459053984868,1.8269305490113008,5532
28473855,5.488138210756473,3.966758292870534,-2.6812684254115093,4290
8b95d6d1,5.474306204181155,4.471732589021388,4.313224043397956,1731
e46f4ef4,5.443395900605008,4.444803590908967,-0.7405608036259923,7195
2ee0235b,5.383776377528109,4.157045949703695,2.8166948691966485,5556
2f8e53c3,5.383243703478347,4.453053061579075,4.439401494202271,2594
e5ff9fd2,5.352382000029526,4.379166710784818,-1.0757847326611338,2354
5cb483ac,5.351766215677827,4.520592355055762,0.027183415408116533,3852
3d96d897,5.348531202279854,4.424618667260323,4.404925948641252,5659
a76db406,5.257619102573394,4.609694817253324,-3.9161273886845502,4672
09ec2ca9,5.241435075479961,3.9883699075292673,2.0541975146730427,5885
2e29e833,5.195283480859078,4.183566981054569,3.2916342980970152,5428
4654e7de,5.149645415368142,3.9062766337503243,1.525571427011238,5373
18d24f7b,5.116172540865075,4.408965719971264,0.2937200692727994,4558
1d3fbf02,5.095597802376088,4.381947252668536,3.73901377890761,2694
9f0c7bae,5.079556702602944,4.1173715587921835,-3.99236297095908,2542
113011eb,5.039598267321616,4.351735937669588,1.6116147504733929,3272
ab94878e,4.965829672688722,4.146672234457368,-0.6322042405691736,6004
aee6393a,4.853926483080609,3.2117268439373325,-2.5891836820930614,5865
ae35f33a,4.819253382653113,3.7753919268328264,2.1516063706566313,4450
5a5d1982,4.799016166000851,4.072897935595088,2.6799873117224506,3894
1944513c,4.764952468954253,3.6406309392846197,-2.8329060405224604,4722
d50c649a,4.723127469869023,3.827138343879012,0.09639184423837767,4873
398dce4b,4.717753633611456,3.3637212125709777,1.409541675860135,3166
0498acab,4.716328472381797,3.8375780399229367,0.1662234584581771,4798
d217e0c5,4.7017958223032315,3.962610218200648,-1.1458841380081235,3838
c6c96179,4.580672572091698,3.771467592079661,-1.1133700860309015,4004
2c0c4a4e,4.520421840823688,3.7728493500995706,2.3972847774084753,4790
373ef48b,4.519631780793669,3.9443382534385347,-1.708998837691297,3509
511e1db0,4.3960468326401925,3.8236196408875247,3.306912251217761,3821
2be5c96a,4.367370627791645,3.449985028047624,-1.3614095657804275,4210
940e709a,4.360914972903133,3.8668574561878404,-1.0658523598538054,3348
e7c36e81,4.270101884870382,3.5979078080784577,1.6205525549685948,3531
357c12f9,4.214403808807169,3.14610772098453,-1.2268818164889854,4079
ed6436d6,4.187511640056555,4.009333069777222,-4.009333069777222,2945
4c3168cf,4.174818312727527,3.0938273648949433,0.03309662611748741,4334
811f52b3,4.12849403643546,3.0725330914712936,-0.3227645460518867,4836
9314ff13,3.9457827141335997,3.4934798317478797,-0.7067486513334139,2748
4ddde4c1,3.943955419093103,3.1707940343482695,1.8933548877528694,4472
29de15c8,3.922690988722803,3.0734404205892547,2.314013684601401,3431
89fdb2f2,3.9012753221209615,2.9164741803968335,-2.829803821653889,2031
9e3e364d,3.897029417363798,2.8637496527747235,0.43110320833164434,4290
653612bc,3.861370765838529,3.053927697732535,-3.03645042652937,4605
c472c0b5,3.8467369778205756,3.0000377978480475,-0.23289133822142397,3054
dbee6c86,3.840210624148941,2.865823464294602,-1.0548475503513841,7369
d273674e,3.8394866178694476,3.394188993637839,1.0245046485626679,3899
8bb9c1e6,3.8303474538584514,2.646090111372044,1.496834875956478,4546
be35c8f2,3.7264730984230483,3.2900238220177718,-0.5910381464244777,4226
fdfd57da,3.709013532336772,3.150085296430509,-2.562835192604754,5236
2ab29395,3.698929069597831,3.1256025341307425,2.448597598327572,1852
8a9c8932,3.642893587525638,3.0471303919664345,0.6765595159501043,4663
c9fedcf3,3.6310636044337596,2.968657753025215,2.213785933159276,3517
41fb0192,3.5556619555755344,2.515368732104017,2.1053039925772477,2973
2d2d0c6b,3.5442047779473893,2.652357870863947,0.6879742655493365,5045
283269ac,3.4496106331929757,3.0228297704329186,-3.002139616140807,2626
347242c8,3.4252380763727217,2.9515872145016018,-2.795387289858952,3595
2f19d536,3.3772175620611233,3.021061375715091,2.7709483094367116,3088
25fd32b3,3.3643943015890905,3.167095283308302,-3.1608469711035996,2885
44441e54,3.312373152886348,2.7809145608549843,-0.050755590744216025,4357
dd64382d,3.2989809621297375,2.425856750149851,0.5512569987920936,3124
af7a59ce,3.1016270802610753,2.3212613187397166,-2.1232385386369157,3024
fcfcc902,3.088033045843938,2.1636121775502124,0.8114928957147927,2791
61f27424,3.046707826759833,2.4872162782454112,0.3561334235955685,6220
ce8399b7,2.7887931468234073,2.1592396589274974,-0.5428928885562531,1615
999daf80,2.6885961444672937,2.296135078468836,0.012233336077038845,3564
d07aed8f,2.6770750896706836,2.181386659887164,0.9643705667792439,2957
b85f7b06,2.3829147626527223,1.9103473883762236,-1.5772561908114144,3803
fb0904bd,2.303902363960419,2.086984990766538,2.0844391915595923,3181
1f9afacb,2.241316239348834,1.6801313604503494,-1.126744412417634,5328
a9c9b150,1.3538063141897874,0.9406284183197996,-0.7668079860985052,3986
